"This one sheet workbook contains data from UC Irvine regarding lane useage and sharing between cyclists, pedestrians and automobile drivers as well as their framilliarity and use of technology.",,,,,,,,,,,,,,,,,,,,,
Respondent ID,Start Date,End Date,Familiarity With Tech,Shared Cyclist,Shared Pedestrian,Safe Human,Proving Ground,Speed 25 Mph,Report Safety Incident,Zip Code,Auto Owner,Smartphone Owner,Age,Example of a bike lane not shared with traffic,,,,,,,
10505419886,2/2/2019,2/2/2019,Somewhat familiar,Yes,No,1,Somewhat Approve,Yes,Yes,15217,Yes,Yes,18-24,,,,,,,,
10505138734,2/2/2019,2/2/2019,Somewhat familiar,No,Yes,3,Approve,No,Yes,15208,Yes,Yes,18-24,,,,,,,,
10504337177,2/1/2019,2/1/2019,Extremely familiar,Yes,No,3,Approve,No,Yes,15211,Yes,Yes,18-24,,,,,,,,
10504261546,2/1/2019,2/1/2019,Mostly familiar,No,Yes,3,Approve,Not sure,Yes,15206,Yes,Yes,18-24,,,,,,,,
10504232487,2/1/2019,2/1/2019,Mostly familiar,No,No,2,Approve,No,Yes,15237,Yes,Yes,18-24,,,,,,,,
10504048132,2/1/2019,2/1/2019,Not familiar at all,Not sure,Not sure,3,Approve,Not sure,Yes,15209,Yes,Yes,18-24,,,,,,,,
10504011274,2/1/2019,2/1/2019,Mostly familiar,No,Yes,3,Neutral,Not sure,Yes,15210,Yes,Yes,18-24,,,,,,,,
10503863228,2/1/2019,2/1/2019,Somewhat familiar,Yes,No,3,Neutral,Not sure,Yes,15232,Yes,Yes,18-24,,,,,,,,
10503731368,2/1/2019,2/1/2019,Somewhat familiar,No,No,3,Disapprove,Yes,Yes,15251,Yes,Yes,18-24,,,,,,,,
10503687114,2/1/2019,2/1/2019,Somewhat familiar,Yes,Yes,3,Approve,No,No,15224,Yes,Yes,18-24,,,,,,,,
10503567568,2/1/2019,2/1/2019,Somewhat familiar,Yes,Yes,4,Approve,No,Yes,15206,No,Yes,18-24,,,,,,,,
10503541139,2/1/2019,2/1/2019,Somewhat familiar,Yes,No,3,Approve,No,Yes,15219,Yes,Yes,18-24,Example of a bike lane that is shared with traffic,,,,,,,
10503248383,2/1/2019,2/1/2019,Extremely familiar,Not sure,Not sure,3,Neutral,No,Yes,15143,Yes,Yes,18-24,,,,,,,,
10502774103,1/31/2019,1/31/2019,Mostly familiar,No,Yes,4,Approve,No,Yes,15260,Yes,Yes,18-24,,,,,,,,
10502675032,1/31/2019,1/31/2019,Not familiar at all,Yes,Yes,3,Approve,No,Yes,15213,Yes,Yes,18-24,,,,,,,,
10502625514,1/31/2019,1/31/2019,Somewhat familiar,Yes,Yes,3,Approve,No,Yes,15228,Yes,Yes,18-24,,,,,,,,
10502571139,1/31/2019,1/31/2019,Mostly familiar,Yes,A,2,Approve,No,Not sure,15213,Yes,Yes,18-24,,,,,,,,
10502460099,1/31/2019,1/31/2019,Mostly familiar,Yes,Yes,3,Approve,Not sure,Not sure,15213,Yes,Yes,18-24,,,,,,,,
10502288136,1/31/2019,1/31/2019,Somewhat familiar,Not sure,No,4,Approve,Yes,Yes,15206,Yes,Yes,18-24,,,,,,,,
10502199182,1/31/2019,1/31/2019,Somewhat familiar,Yes,Yes,1,Disapprove,Yes,Yes,15217,No,Yes,18-24,,,,,,,,
10502147481,1/31/2019,1/31/2019,Not familiar at all,Yes,Yes,4,Somewhat Disapprove,Yes,Yes,15213,No,Yes,18-24,,,,,,,,
10502114701,1/31/2019,1/31/2019,Mostly familiar,No,Yes,4,Somewhat Disapprove,Not sure,Yes,15213,Yes,Yes,18-24,,,,,,,,
10502058758,1/31/2019,1/31/2019,Somewhat familiar,Not sure,Not sure,3,Somewhat Approve,Yes,Yes,15232,Yes,Yes,18-24,,,,,,,,
10502051148,1/31/2019,1/31/2019,Extremely familiar,Yes,Yes,2,Approve,No,No,15201,Yes,Yes,18-24,,,,,,,,
10502049467,1/31/2019,1/31/2019,Extremely familiar,Yes,Yes,2,Approve,No,Yes,15219,Yes,Yes,18-24,Link to US Department of Transportation on bike lane safety,,,,,,,
10502033424,1/31/2019,1/31/2019,Extremely familiar,A,Yes,2,Neutral,Yes,Yes,15214,Yes,Yes,18-24,,,,,,,,
10501991066,1/31/2019,1/31/2019,Somewhat familiar,No,Yes,3,Approve,No,Yes,15217,Yes,Yes,18-24,,,,,,,,
10501931788,1/31/2019,1/31/2019,Not familiar at all,No,Yes,3,Somewhat Approve,No,Yes,15206,No,Yes,18-24,,,,,,,,
10501884323,1/31/2019,1/31/2019,Somewhat familiar,Not sure,Not sure,3,Somewhat Approve,Yes,Yes,15106,Yes,Yes,18-24,,,,,,,,
10501701337,1/31/2019,1/31/2019,Extremely familiar,Yes,Yes,2,Approve,No,Yes,15221,Yes,Yes,18-24,,,,,,,,
10501695876,1/31/2019,1/31/2019,Somewhat familiar,Yes,Yes,2,Approve,No,Yes,15212,Yes,Yes,25-34,,,,,,,,
10501693618,1/31/2019,1/31/2019,Somewhat familiar,Yes,No,4,Neutral,No,Not sure,15232,Yes,Yes,25-34,,,,,,,,
10501667207,1/31/2019,1/31/2019,Somewhat familiar,Yes,Yes,2,Somewhat Approve,No,No,15201,Yes,Yes,25-34,,,,,,,,
10501635085,1/31/2019,1/31/2019,Somewhat familiar,Yes,Yes,2,Somewhat Approve,Yes,Not sure,15201,Yes,Yes,25-34,,,,,,,,
10501617297,1/31/2019,1/31/2019,Extremely familiar,Yes,Yes,3,Approve,Not sure,Yes,15009,Yes,Yes,25-34,,,,,,,,
10501575913,1/31/2019,1/31/2019,Mostly familiar,Yes,Yes,2,Somewhat Disapprove,Yes,Yes,15224,Yes,Yes,25-34,,,,,,,,
10501574115,1/31/2019,1/31/2019,Somewhat familiar,Yes,Yes,3,Approve,No,No,15234,Yes,Yes,25-34,,,,,,,,
10501516000,1/31/2019,1/31/2019,Somewhat familiar,No,No,1,Somewhat Disapprove,Yes,Yes,15221,Yes,Yes,25-34,,,,,,,,
10501458859,1/31/2019,1/31/2019,Mostly familiar,Yes,Yes,3,Somewhat Approve,Yes,Yes,15212,Yes,Yes,25-34,,,,,,,,
10501451524,1/31/2019,1/31/2019,Somewhat familiar,No,Yes,1,Approve,Yes,Yes,15218,Yes,Yes,25-34,,,,,,,,
10501427329,1/31/2019,1/31/2019,Somewhat familiar,Not sure,Not sure,4,Neutral,Yes,Yes,16803,Yes,Yes,25-34,,,,,,,,
10501403397,1/31/2019,1/31/2019,Somewhat familiar,No,Yes,3,Somewhat Disapprove,Not sure,Yes,15224,Yes,Yes,25-34,,,,,,,,
10501381784,1/31/2019,1/31/2019,Extremely familiar,No,Not sure,2,Somewhat Disapprove,Yes,Yes,15224,No,Yes,25-34,,,,,,,,
10501357932,1/31/2019,1/31/2019,Somewhat familiar,Yes,Yes,1,Disapprove,Yes,Yes,15209,Yes,Yes,25-34,,,,,,,,
10501249599,1/31/2019,1/31/2019,Mostly familiar,No,Yes,3,Approve,Not sure,Yes,15071,Yes,Yes,25-34,,,,,,,,
10500998053,1/31/2019,1/31/2019,Mostly familiar,Not sure,Not sure,2,Somewhat Approve,No,Not sure,15217,Yes,Yes,25-34,,,,,,,,
10500988231,1/31/2019,1/31/2019,Mostly familiar,Yes,Yes,4,Somewhat Disapprove,Yes,Yes,15009,Yes,Yes,25-34,,,,,,,,
10500988230,1/31/2019,1/31/2019,Extremely familiar,Yes,Yes,3,Somewhat Disapprove,Yes,Yes,15201,Yes,Yes,25-34,,,,,,,,
10500473518,1/31/2019,1/31/2019,Mostly familiar,No,Yes,3,Approve,No,Yes,15217,No,Yes,25-34,,,,,,,,
10500148086,1/30/2019,1/30/2019,Mostly familiar,No,No,4,Disapprove,Yes,Yes,15222,Yes,Yes,25-34,,,,,,,,
10500144606,1/30/2019,1/30/2019,Mostly familiar,Not sure,Not sure,3,Disapprove,Yes,Yes,15210,Yes,Yes,25-34,,,,,,,,
10500039124,1/30/2019,1/30/2019,Mostly familiar,Not sure,Not sure,4,Somewhat Disapprove,Not sure,Yes,15206,Yes,Yes,25-34,,,,,,,,
10499881667,1/30/2019,1/30/2019,Mostly familiar,No,Yes,2,Somewhat Approve,Not sure,Yes,15201,Yes,Yes,25-34,,,,,,,,
10499844878,1/30/2019,1/30/2019,Somewhat familiar,Not sure,Yes,3,Somewhat Approve,No,Yes,15224,Yes,Yes,25-34,,,,,,,,
10499792642,1/30/2019,1/30/2019,Somewhat familiar,Yes,Yes,1,Somewhat Approve,Yes,Yes,15201,Yes,Yes,25-34,,,,,,,,
10499697392,1/30/2019,1/30/2019,Somewhat familiar,Yes,Yes,2,Disapprove,Yes,Yes,15206,Yes,Yes,25-34,,,,,,,,
10499445271,1/30/2019,1/30/2019,Extremely familiar,Not sure,Yes,2,Somewhat Disapprove,Not sure,Yes,15229,Yes,Yes,25-34,,,,,,,,
10499408275,1/30/2019,1/30/2019,Extremely familiar,Yes,Yes,4,Approve,Not sure,Yes,15201,Yes,Yes,25-34,,,,,,,,
10499373267,1/30/2019,1/30/2019,Mostly familiar,Not sure,Yes,3,Approve,No,Yes,15213,Yes,Yes,25-34,,,,,,,,
10499338551,1/30/2019,1/30/2019,Extremely familiar,Yes,Yes,1,Approve,No,No,15690,Yes,Yes,25-34,,,,,,,,
10499280976,1/30/2019,1/30/2019,Mostly familiar,No,Yes,1,Approve,Yes,Not sure,24060,Yes,Yes,25-34,,,,,,,,
10499279665,1/30/2019,1/30/2019,Extremely familiar,No,No,3,Somewhat Approve,Yes,Yes,15207,Yes,Yes,25-34,,,,,,,,
10499249479,1/30/2019,1/30/2019,Mostly familiar,Yes,Yes,4,Approve,Not sure,Yes,15201,Yes,Yes,25-34,,,,,,,,
10499224313,1/30/2019,1/30/2019,Mostly familiar,No,No,2,Neutral,Not sure,Yes,15232,Yes,Yes,25-34,,,,,,,,
10499216045,1/30/2019,1/30/2019,Mostly familiar,Yes,Yes,4,Approve,No,Yes,15217,Yes,Yes,25-34,,,,,,,,
10499164226,1/30/2019,1/30/2019,Extremely familiar,No,Yes,3,Somewhat Disapprove,Yes,Yes,15201,Yes,Yes,25-34,,,,,,,,
10499143475,1/30/2019,1/30/2019,Mostly familiar,Yes,No,2,Somewhat Approve,Not sure,Yes,15217,Yes,Yes,25-34,,,,,,,,
10499048479,1/30/2019,1/30/2019,Somewhat familiar,Yes,Yes,1,Somewhat Approve,Yes,Yes,15219,Yes,Yes,25-34,,,,,,,,
10498973305,1/30/2019,1/30/2019,Somewhat familiar,Yes,No,3,Approve,No,Yes,15147,Yes,Yes,25-34,,,,,,,,
10498913189,1/30/2019,1/30/2019,Mostly familiar,Yes,Yes,4,Approve,Not sure,Yes,15232,Yes,Yes,25-34,,,,,,,,
10498871662,1/30/2019,1/30/2019,Not familiar at all,Yes,Yes,2,Somewhat Approve,No,Yes,15212,Yes,Yes,25-34,,,,,,,,
10498860618,1/30/2019,1/30/2019,Not familiar at all,Yes,Yes,2,Approve,Not sure,Yes,15222,Yes,Yes,25-34,,,,,,,,
10498725037,1/30/2019,1/30/2019,Somewhat familiar,Yes,No,3,Approve,Not sure,Yes,15201,Yes,Yes,25-34,,,,,,,,
10498714520,1/30/2019,1/30/2019,Extremely familiar,Yes,Yes,3,Disapprove,Yes,Yes,15232,Yes,Yes,25-34,,,,,,,,
10498697866,1/30/2019,1/30/2019,Somewhat familiar,Yes,No,3,Approve,Not sure,Yes,15217,Yes,Yes,25-34,,,,,,,,
10498629080,1/30/2019,1/30/2019,Somewhat familiar,Yes,No,3,Approve,No,Yes,15217,Yes,Yes,25-34,,,,,,,,
10498593524,1/30/2019,1/30/2019,Somewhat familiar,Not sure,Not sure,4,Approve,No,Yes,15217,Yes,Yes,25-34,,,,,,,,
10496666321,1/29/2019,1/29/2019,Mostly familiar,Yes,Yes,1,Disapprove,Yes,Yes,15206,Yes,Yes,25-34,,,,,,,,
10495230218,1/28/2019,1/28/2019,Mostly familiar,Yes,Yes,2,Somewhat Disapprove,Yes,Yes,15206,Yes,Yes,25-34,,,,,,,,
10494593942,1/28/2019,1/28/2019,Somewhat familiar,Yes,Yes,1,Disapprove,Yes,Yes,15206,Yes,Yes,25-34,,,,,,,,
10494502647,1/28/2019,1/28/2019,Mostly familiar,Yes,No,3,Somewhat Disapprove,Yes,Yes,15224,Yes,Yes,25-34,,,,,,,,
10494480628,1/28/2019,1/28/2019,Mostly familiar,Yes,Yes,4,Somewhat Disapprove,Yes,Yes,17102,No,Yes,25-34,,,,,,,,
10494076639,1/28/2019,1/28/2019,Extremely familiar,Yes,Yes,2,Approve,No,No,15203,Yes,Yes,25-34,,,,,,,,
10493669679,1/28/2019,1/28/2019,Somewhat familiar,Yes,Yes,2,Neutral,Not sure,Yes,15224,Yes,Yes,25-34,,,,,,,,
10493645911,1/27/2019,1/27/2019,Mostly familiar,No,No,2,Somewhat Approve,No,Yes,15217,Yes,Yes,25-34,,,,,,,,
10492779516,1/27/2019,1/27/2019,Mostly familiar,Yes,No,3,Somewhat Approve,Yes,Yes,15201,Yes,Yes,25-34,,,,,,,,
10492576250,1/27/2019,1/27/2019,Somewhat familiar,Yes,Yes,1,Disapprove,Yes,Yes,15213,Yes,Yes,25-34,,,,,,,,
10492235189,1/26/2019,1/26/2019,Mostly familiar,Yes,Yes,3,Somewhat Approve,Yes,Yes,15201,Yes,Yes,25-34,,,,,,,,
10491601994,1/26/2019,1/26/2019,Mostly familiar,Yes,Yes,2,Disapprove,Not sure,Yes,15224,Yes,Yes,25-34,,,,,,,,
10491499662,1/26/2019,1/26/2019,Somewhat familiar,Yes,Yes,5,Approve,No,Yes,15211,Yes,Yes,25-34,,,,,,,,
10491369820,1/26/2019,1/26/2019,Somewhat familiar,No,Not sure,5,Approve,Yes,Not sure,15108,Yes,Yes,25-34,,,,,,,,
10491350174,1/26/2019,1/26/2019,Somewhat familiar,Not sure,No,5,Neutral,No,No,15012,Yes,Yes,25-34,,,,,,,,
10491288987,1/25/2019,1/25/2019,Extremely familiar,Not sure,Yes,2,Approve,No,Yes,15212,Yes,Yes,25-34,,,,,,,,
10489842121,1/25/2019,1/25/2019,Somewhat familiar,No,Yes,3,Approve,No,Yes,15201,Yes,Yes,25-34,,,,,,,,
10489263047,1/24/2019,1/24/2019,Extremely familiar,No,No,4,Somewhat Disapprove,Yes,Yes,15061,Yes,Yes,25-34,,,,,,,,
10488600806,1/24/2019,1/24/2019,Mostly familiar,Yes,Yes,4,Approve,No,No,15212,Yes,Yes,25-34,,,,,,,,
10488554583,1/24/2019,1/24/2019,Extremely familiar,Yes,No,2,Disapprove,Yes,Yes,15116,Yes,Yes,25-34,,,,,,,,
10488321930,1/24/2019,1/24/2019,Somewhat familiar,No,No,3,Neutral,Yes,Yes,15221,Yes,Yes,25-34,,,,,,,,
10488138716,1/24/2019,1/24/2019,Mostly familiar,No,Yes,2,Somewhat Disapprove,Not sure,No,15260,No,Yes,25-34,,,,,,,,
10487901764,1/24/2019,1/24/2019,Somewhat familiar,Yes,Yes,2,Somewhat Disapprove,Yes,Yes,15201,Yes,Yes,25-34,,,,,,,,
10487829040,1/24/2019,1/24/2019,Somewhat familiar,No,Yes,3,Approve,Yes,Yes,15203,Yes,Yes,25-34,,,,,,,,
10487504042,1/24/2019,1/24/2019,Mostly familiar,Yes,Yes,4,Approve,Not sure,Yes,15222,Yes,Yes,25-34,,,,,,,,
10487475507,1/24/2019,1/24/2019,Somewhat familiar,Yes,Yes,4,Approve,No,Yes,15201,Yes,Yes,25-34,,,,,,,,
10487136431,1/24/2019,1/24/2019,Somewhat familiar,No,Yes,3,Approve,Not sure,Yes,15232,Yes,Yes,25-34,,,,,,,,
10487069347,1/24/2019,1/24/2019,Mostly familiar,Yes,Yes,2,Approve,Not sure,No,15222,No,Yes,25-34,,,,,,,,
10487067638,1/24/2019,1/24/2019,Mostly familiar,No,Yes,3,Approve,No,Yes,15224,Yes,Yes,25-34,,,,,,,,
10487039766,1/23/2019,1/23/2019,Mostly familiar,Not sure,No,2,Approve,Yes,Yes,15217,Yes,Yes,25-34,,,,,,,,
10486082170,1/23/2019,1/23/2019,Mostly familiar,Not sure,Yes,3,Approve,No,Not sure,15218,Yes,Yes,25-34,,,,,,,,
10485681155,1/23/2019,1/23/2019,Somewhat familiar,Yes,Yes,4,Somewhat Approve,Not sure,Yes,15201,Yes,Yes,25-34,,,,,,,,
10485519664,1/23/2019,1/23/2019,Mostly familiar,No,No,5,Approve,No,Not sure,15222,Yes,Yes,25-34,,,,,,,,
10485393249,1/22/2019,1/23/2019,Somewhat familiar,Yes,Yes,3,Approve,No,Yes,15201,Yes,Yes,25-34,,,,,,,,
10484646467,1/23/2019,1/23/2019,Extremely familiar,No,Yes,2,Approve,No,Yes,15201,Yes,Yes,25-34,,,,,,,,
10484294123,1/23/2019,1/23/2019,Mostly familiar,No,Yes,2,Approve,No,Yes,15201,No,Yes,25-34,,,,,,,,
10484280845,1/23/2019,1/23/2019,Mostly familiar,Yes,Yes,2,Approve,No,Yes,15211,Yes,Yes,25-34,,,,,,,,
10484250052,1/23/2019,1/23/2019,Somewhat familiar,Yes,Yes,1,Approve,Not sure,Yes,15234,Yes,Yes,25-34,,,,,,,,
10484184360,1/23/2019,1/23/2019,Extremely familiar,Yes,Yes,1,Approve,Yes,Yes,15232,Yes,Yes,25-34,,,,,,,,
10484054172,1/23/2019,1/23/2019,Mostly familiar,No,Yes,2,Approve,No,Yes,15216,Yes,Yes,25-34,,,,,,,,
10483765912,1/23/2019,1/23/2019,Somewhat familiar,No,Yes,3,Approve,No,Yes,15203,Yes,Yes,25-34,,,,,,,,
10483725190,1/22/2019,1/22/2019,Not familiar at all,Yes,Yes,1,Approve,Not sure,Yes,15224,Yes,Yes,25-34,,,,,,,,
10483616676,1/22/2019,1/22/2019,Not familiar at all,No,Yes,2,Somewhat Disapprove,Yes,Yes,15221,Yes,Yes,25-34,,,,,,,,
10483410356,1/22/2019,1/22/2019,Mostly familiar,Yes,No,3,Somewhat Approve,Not sure,Not sure,15116,Yes,Yes,25-34,,,,,,,,
10483305365,1/22/2019,1/22/2019,Somewhat familiar,Yes,No,3,Approve,Yes,Yes,15232,Yes,Yes,25-34,,,,,,,,
10483141387,1/22/2019,1/22/2019,Extremely familiar,Not sure,Not sure,3,Somewhat Disapprove,Not sure,Yes,15214,Yes,Yes,25-34,,,,,,,,
10483041383,1/22/2019,1/22/2019,Somewhat familiar,Yes,Yes,3,Neutral,Not sure,Yes,15212,Yes,Yes,25-34,,,,,,,,
10483009860,1/22/2019,1/22/2019,Somewhat familiar,Yes,No,2,Somewhat Approve,Not sure,Yes,15201,Yes,Yes,25-34,,,,,,,,
10482960525,1/22/2019,1/22/2019,Not familiar at all,Yes,Yes,3,Approve,No,Yes,15201,Yes,Yes,25-34,,,,,,,,
10482855456,1/22/2019,1/22/2019,Somewhat familiar,No,Yes,3,Neutral,Not sure,Yes,15104,Yes,Yes,25-34,,,,,,,,
10482829815,1/22/2019,1/22/2019,Somewhat familiar,Yes,Yes,3,Approve,No,Yes,15222,No,Yes,25-34,,,,,,,,
10482807111,1/22/2019,1/22/2019,Somewhat familiar,No,Not sure,2,Approve,No,Not sure,15223,Yes,Yes,25-34,,,,,,,,
10482748600,1/22/2019,1/22/2019,Somewhat familiar,Yes,No,2,Approve,Yes,Not sure,15201,Yes,Yes,25-34,,,,,,,,
10482703757,1/22/2019,1/22/2019,Mostly familiar,Yes,Yes,2,Approve,No,Not sure,15222,Yes,Yes,25-34,,,,,,,,
10482649158,1/22/2019,1/22/2019,Mostly familiar,Yes,Yes,1,Approve,No,Not sure,15222,Yes,Yes,25-34,,,,,,,,
10482643335,1/22/2019,1/22/2019,Not familiar at all,Not sure,Yes,4,Neutral,No,Yes,15208,Yes,Yes,25-34,,,,,,,,
10482609463,1/22/2019,1/22/2019,Not familiar at all,No,Yes,3,Approve,No,Yes,15217,Yes,Yes,25-34,,,,,,,,
10482499805,1/22/2019,1/22/2019,Somewhat familiar,Yes,No,2,Approve,No,Yes,15203,Yes,Yes,25-34,,,,,,,,
10482497377,1/22/2019,1/22/2019,Mostly familiar,Yes,Yes,2,Approve,No,Yes,15221,Yes,Yes,25-34,,,,,,,,
10482276744,1/22/2019,1/22/2019,Somewhat familiar,Yes,Yes,3,Approve,Not sure,Yes,15212,Yes,Yes,25-34,,,,,,,,
10482266267,1/18/2019,1/22/2019,Somewhat familiar,Yes,No,3,Approve,Yes,Yes,15224,Yes,Yes,25-34,,,,,,,,
10482103925,1/22/2019,1/21/2019,Not familiar at all,Yes,Yes,2,Disapprove,Yes,Yes,15201,Yes,Yes,25-34,,,,,,,,
10481622980,1/21/2019,1/21/2019,Mostly familiar,No,Yes,2,Somewhat Disapprove,Yes,Yes,15221,Yes,Yes,25-34,,,,,,,,
10481023196,1/21/2019,1/21/2019,Mostly familiar,Yes,Yes,2,Somewhat Approve,Not sure,Yes,15222,No,Yes,25-34,,,,,,,,
10480989392,1/21/2019,1/21/2019,Mostly familiar,Not sure,Not sure,2,Somewhat Approve,No,Yes,15221,Yes,Yes,25-34,,,,,,,,
10480595048,1/21/2019,1/21/2019,Extremely familiar,Yes,Yes,3,Approve,No,Not sure,15232,Yes,Yes,25-34,,,,,,,,
10480494974,1/21/2019,1/21/2019,Somewhat familiar,Yes,Yes,2,Somewhat Approve,No,Yes,15217,Yes,Yes,25-34,,,,,,,,
10480488241,1/18/2019,1/21/2019,Somewhat familiar,Yes,Yes,2,Approve,Not sure,Not sure,15226,Yes,Yes,25-34,,,,,,,,
10480370279,1/21/2019,1/21/2019,Extremely familiar,No,Yes,3,Somewhat Approve,Not sure,Yes,15217,Yes,Yes,25-34,,,,,,,,
10479824816,1/21/2019,1/21/2019,Somewhat familiar,Yes,Yes,5,Approve,No,No,15201,Yes,Yes,25-34,,,,,,,,
10479720656,1/21/2019,1/20/2019,Mostly familiar,Yes,Yes,1,Approve,No,Yes,15223,Yes,Yes,25-34,,,,,,,,
10478879801,1/20/2019,1/20/2019,Mostly familiar,Yes,Yes,3,Somewhat Approve,Yes,Yes,15201,Yes,Yes,25-34,,,,,,,,
10478823410,1/20/2019,1/20/2019,Extremely familiar,No,Yes,4,Approve,Not sure,Yes,15224,Yes,Yes,25-34,,,,,,,,
10478766902,1/20/2019,1/20/2019,Somewhat familiar,Yes,No,4,Approve,Not sure,No,15213,Yes,Yes,25-34,,,,,,,,
10478754657,1/19/2019,1/20/2019,Extremely familiar,Not sure,Yes,2,Somewhat Approve,Not sure,Yes,15217,No,Yes,25-34,,,,,,,,
10478625429,1/20/2019,1/20/2019,Somewhat familiar,No,Yes,2,Somewhat Approve,Yes,Yes,15217,No,Yes,25-34,,,,,,,,
10478614471,1/20/2019,1/20/2019,Somewhat familiar,Yes,Yes,2,Somewhat Disapprove,Yes,Yes,15217,Yes,Yes,25-34,,,,,,,,
10478603026,1/20/2019,1/20/2019,Mostly familiar,Yes,Yes,2,Disapprove,Yes,Yes,15224,Yes,Yes,25-34,,,,,,,,
10478597397,1/20/2019,1/20/2019,Mostly familiar,Not sure,No,3,Approve,No,Yes,15201,Yes,Yes,25-34,,,,,,,,
10478597089,1/20/2019,1/20/2019,Somewhat familiar,Not sure,No,2,Somewhat Approve,Not sure,Yes,15224,Yes,Yes,25-34,,,,,,,,
10478590910,1/20/2019,1/20/2019,Mostly familiar,Yes,No,2,Approve,Not sure,Yes,15211,Yes,Yes,25-34,,,,,,,,
10478518991,1/20/2019,1/20/2019,Somewhat familiar,Yes,Yes,3,Approve,No,Yes,15226,Yes,Yes,25-34,,,,,,,,
10478507470,1/20/2019,1/20/2019,Not familiar at all,No,No,3,Somewhat Approve,Yes,Yes,15201,Yes,Yes,25-34,,,,,,,,
10478491168,1/20/2019,1/20/2019,Extremely familiar,Yes,Yes,3,Somewhat Approve,No,No,15221,Yes,Yes,25-34,,,,,,,,
10478382892,1/20/2019,1/20/2019,Somewhat familiar,Yes,Yes,2,Approve,No,Yes,15206,Yes,Yes,25-34,,,,,,,,
10478362786,1/20/2019,1/20/2019,Somewhat familiar,Not sure,Yes,3,Somewhat Disapprove,Not sure,Yes,2554,No,No,25-34,,,,,,,,
10478353289,1/20/2019,1/20/2019,Mostly familiar,Yes,Yes,4,Approve,No,No,15203,Yes,Yes,25-34,,,,,,,,
10478257930,1/20/2019,1/19/2019,Somewhat familiar,Not sure,Yes,2,Somewhat Approve,No,Yes,15232,No,Yes,25-34,,,,,,,,
10478058452,1/19/2019,1/19/2019,Somewhat familiar,Not sure,Not sure,4,Neutral,Not sure,Yes,15224,Yes,Yes,25-34,,,,,,,,
10477929509,1/19/2019,1/19/2019,Somewhat familiar,Not sure,No,2,Somewhat Approve,Not sure,Yes,15221,Yes,Yes,25-34,,,,,,,,
10477878901,1/19/2019,1/19/2019,Somewhat familiar,Yes,Yes,3,Approve,No,Yes,15217,Yes,Yes,25-34,,,,,,,,
10477830774,1/19/2019,1/19/2019,Somewhat familiar,No,No,2,Approve,No,Yes,15217,Yes,Yes,25-34,,,,,,,,
10477789869,1/19/2019,1/19/2019,Mostly familiar,No,Yes,3,Somewhat Disapprove,Yes,Yes,15201,Yes,Yes,25-34,,,,,,,,
10477696427,1/19/2019,1/19/2019,Mostly familiar,Yes,Yes,3,Neutral,Not sure,Yes,15206,Yes,Yes,25-34,,,,,,,,
10477683384,1/19/2019,1/19/2019,Mostly familiar,Yes,Yes,2,Approve,Not sure,Yes,15108,Yes,Yes,25-34,,,,,,,,
10477612696,1/19/2019,1/19/2019,Mostly familiar,No,Yes,3,Neutral,Not sure,Not sure,15213,Yes,Yes,25-34,,,,,,,,
10477559450,1/19/2019,1/19/2019,Mostly familiar,Yes,Yes,3,Approve,Yes,No,15201,Yes,Yes,25-34,,,,,,,,
10477529956,1/19/2019,1/19/2019,Somewhat familiar,Not sure,No,3,Somewhat Approve,No,Yes,15120,Yes,Yes,25-34,,,,,,,,
10477409115,1/19/2019,1/19/2019,Mostly familiar,No,Yes,2,Approve,Not sure,Yes,15213,No,Yes,25-34,,,,,,,,
10477359284,1/19/2019,1/19/2019,Somewhat familiar,Yes,Yes,3,Approve,No,Yes,15206,No,Yes,25-34,,,,,,,,
10477358563,1/19/2019,1/19/2019,Not familiar at all,No,No,2,Neutral,Not sure,Not sure,15108,Yes,Yes,25-34,,,,,,,,
10477343666,1/19/2019,1/19/2019,Extremely familiar,No,No,3,Disapprove,Yes,Yes,98102,Yes,Yes,25-34,,,,,,,,
10477034601,1/19/2019,1/19/2019,Extremely familiar,Yes,Yes,2,Somewhat Approve,Yes,Yes,15203,Yes,Yes,25-34,,,,,,,,
10477032284,1/19/2019,1/18/2019,Somewhat familiar,No,No,4,Neutral,No,Yes,15215,Yes,Yes,25-34,,,,,,,,
10477031566,1/18/2019,1/18/2019,Somewhat familiar,Yes,Yes,2,Somewhat Disapprove,Yes,Yes,15206,Yes,Yes,25-34,,,,,,,,
10476918085,1/18/2019,1/18/2019,Somewhat familiar,Yes,No,3,Somewhat Approve,Not sure,Yes,15232,No,Yes,25-34,,,,,,,,
10476841621,1/18/2019,1/18/2019,Somewhat familiar,No,Yes,3,Approve,Not sure,Yes,15217,Yes,Yes,25-34,,,,,,,,
10476643602,1/18/2019,1/18/2019,Somewhat familiar,Not sure,Yes,2,Somewhat Disapprove,Yes,Yes,15224,Yes,Yes,25-34,,,,,,,,
10476639049,1/18/2019,1/18/2019,Not familiar at all,Yes,No,4,Approve,Not sure,Yes,15203,Yes,Yes,25-34,,,,,,,,
10476540978,1/18/2019,1/18/2019,Extremely familiar,Not sure,Yes,2,Somewhat Disapprove,Not sure,Yes,15232,Yes,Yes,25-34,,,,,,,,
10476275889,1/18/2019,1/18/2019,Somewhat familiar,Yes,Yes,3,Somewhat Approve,Yes,No,15224,Yes,Yes,25-34,,,,,,,,
10476255986,1/18/2019,1/18/2019,Somewhat familiar,No,Yes,4,Approve,No,No,15116,Yes,Yes,25-34,,,,,,,,
10476197310,1/18/2019,1/18/2019,Somewhat familiar,Yes,No,2,Approve,Not sure,Yes,15201,No,Yes,25-34,,,,,,,,
10476039416,1/18/2019,1/18/2019,Extremely familiar,Yes,Yes,1,Somewhat Disapprove,Yes,Yes,15203,Yes,Yes,25-34,,,,,,,,
10475943190,1/18/2019,1/18/2019,Somewhat familiar,Yes,Not sure,1,Somewhat Approve,Not sure,Not sure,15217,Yes,Yes,25-34,,,,,,,,
10475922327,1/18/2019,1/18/2019,Mostly familiar,Yes,No,3,Somewhat Approve,Yes,Yes,15232,No,Yes,25-34,,,,,,,,
10475906902,1/18/2019,1/18/2019,Somewhat familiar,Yes,Yes,2,Approve,No,No,15237,Yes,Yes,25-34,,,,,,,,
10475874369,1/18/2019,1/18/2019,Somewhat familiar,No,Yes,2,Approve,No,No,15206,Yes,Yes,25-34,,,,,,,,
10475845751,1/18/2019,1/18/2019,Not familiar at all,Yes,Yes,1,Approve,No,Yes,15206,Yes,Yes,25-34,,,,,,,,
10475809106,1/18/2019,1/18/2019,Somewhat familiar,No,No,2,Somewhat Approve,Not sure,Yes,15217,Yes,Yes,25-34,,,,,,,,
10475802922,1/18/2019,1/18/2019,Somewhat familiar,Yes,Yes,3,Approve,No,Not sure,15201,Yes,Yes,25-34,,,,,,,,
10475748190,1/18/2019,1/18/2019,Mostly familiar,No,Yes,3,Somewhat Disapprove,Yes,Yes,15212,No,Yes,25-34,,,,,,,,
10475611771,1/18/2019,1/18/2019,Extremely familiar,Yes,Yes,1,Somewhat Approve,Yes,Yes,15226,Yes,Yes,25-34,,,,,,,,
10475548746,1/18/2019,1/18/2019,Extremely familiar,Yes,Yes,3,Approve,No,Yes,15221,Yes,Yes,25-34,,,,,,,,
10475545295,1/18/2019,1/18/2019,Mostly familiar,Yes,Yes,2,Somewhat Approve,Yes,Yes,15210,Yes,Yes,25-34,,,,,,,,
10475516560,1/18/2019,1/18/2019,Mostly familiar,No,No,2,Somewhat Approve,Yes,Yes,15217,Yes,Yes,25-34,,,,,,,,
10475199457,1/18/2019,1/18/2019,Mostly familiar,Yes,Yes,3,Approve,Yes,Yes,15224,Yes,Yes,25-34,,,,,,,,
10475143127,1/18/2019,1/18/2019,Not familiar at all,Yes,No,3,Approve,No,Yes,15218,Yes,Yes,25-34,,,,,,,,
10475138416,1/18/2019,1/17/2019,Not familiar at all,Yes,Yes,2,Somewhat Approve,Yes,Not sure,15217,Yes,Yes,25-34,,,,,,,,
10474781328,1/17/2019,1/17/2019,Mostly familiar,Yes,Yes,2,Somewhat Approve,Not sure,Yes,15224,No,Yes,25-34,,,,,,,,
10474677858,1/17/2019,1/17/2019,Extremely familiar,Yes,Yes,3,Approve,No,No,15321,Yes,Yes,25-34,,,,,,,,
10474667183,1/17/2019,1/17/2019,Mostly familiar,Yes,Yes,2,Somewhat Approve,Yes,No,15224,No,Yes,25-34,,,,,,,,
10474660158,1/17/2019,1/17/2019,Mostly familiar,Yes,Yes,2,Approve,No,Not sure,15208,Yes,Yes,25-34,,,,,,,,
10474606218,1/17/2019,1/17/2019,Mostly familiar,Yes,No,3,Somewhat Approve,Yes,Yes,15224,Yes,Yes,25-34,,,,,,,,
10474601573,1/17/2019,1/17/2019,Mostly familiar,Yes,Yes,2,Neutral,Yes,Yes,15220,Yes,Yes,25-34,,,,,,,,
10474593451,1/17/2019,1/17/2019,Somewhat familiar,Yes,Yes,2,Approve,No,Yes,15232,Yes,Yes,25-34,,,,,,,,
10474584220,1/17/2019,1/17/2019,Mostly familiar,Yes,No,3,Somewhat Disapprove,Yes,Yes,15217,Yes,Yes,25-34,,,,,,,,
10474565263,1/17/2019,1/17/2019,Somewhat familiar,No,Yes,3,Disapprove,Yes,Yes,15212,Yes,Yes,25-34,,,,,,,,
10474544997,1/17/2019,1/17/2019,Mostly familiar,Yes,Yes,3,Approve,No,Yes,15206,Yes,Yes,25-34,,,,,,,,
10474492559,1/17/2019,1/17/2019,Somewhat familiar,Yes,Yes,3,Somewhat Disapprove,Yes,Yes,15209,Yes,Yes,25-34,,,,,,,,
10474445555,1/17/2019,1/17/2019,Somewhat familiar,No,Yes,1,Approve,No,No,15218,Yes,Yes,25-34,,,,,,,,
10474442804,1/17/2019,1/17/2019,Mostly familiar,Yes,Yes,3,Somewhat Disapprove,No,Yes,15221,Yes,Yes,25-34,,,,,,,,
10474369668,1/17/2019,1/17/2019,Somewhat familiar,Yes,Yes,3,Somewhat Approve,Yes,Yes,15201,Yes,Yes,25-34,,,,,,,,
10474357469,1/17/2019,1/17/2019,Not familiar at all,Yes,Yes,3,Approve,Not sure,Yes,15224,Yes,Yes,25-34,,,,,,,,
10474280038,1/17/2019,1/17/2019,Mostly familiar,Yes,Yes,1,Somewhat Approve,Yes,Yes,15209,Yes,Yes,25-34,,,,,,,,
10474185916,1/17/2019,1/17/2019,Mostly familiar,Yes,No,3,Neutral,No,No,15201,No,Yes,35-44,,,,,,,,
10474162854,1/17/2019,1/17/2019,Somewhat familiar,Yes,Yes,3,Somewhat Disapprove,Yes,Yes,15222,Yes,Yes,35-44,,,,,,,,
10474078707,1/17/2019,1/17/2019,Somewhat familiar,Yes,Yes,2,Neutral,Not sure,Not sure,15224,Yes,Yes,35-44,,,,,,,,
10474072152,1/17/2019,1/17/2019,Extremely familiar,Yes,No,4,Somewhat Approve,Yes,Yes,15220,Yes,Yes,35-44,,,,,,,,
10474061098,1/17/2019,1/17/2019,Extremely familiar,Yes,Yes,5,Approve,No,No,15201,Yes,Yes,35-44,,,,,,,,
10474054034,1/17/2019,1/17/2019,Extremely familiar,Yes,No,2,Approve,No,Yes,15217,Yes,Yes,35-44,,,,,,,,
10474007895,1/17/2019,1/17/2019,Extremely familiar,Yes,Yes,2,Approve,No,No,15222,Yes,Yes,35-44,,,,,,,,
10473998576,1/17/2019,1/17/2019,Extremely familiar,Yes,Yes,3,Somewhat Approve,Not sure,Yes,15235,Yes,Yes,35-44,,,,,,,,
10473942146,1/17/2019,1/17/2019,Extremely familiar,Yes,Yes,2,Somewhat Approve,Yes,Yes,15217,Yes,Yes,35-44,,,,,,,,
10473933583,1/17/2019,1/17/2019,Extremely familiar,Yes,No,2,Neutral,No,Yes,15201,Yes,Yes,35-44,,,,,,,,
10473915731,1/17/2019,1/17/2019,Mostly familiar,Yes,No,3,Approve,No,Yes,15201,Yes,Yes,35-44,,,,,,,,
10473912499,1/17/2019,1/17/2019,Extremely familiar,Not sure,Yes,2,Approve,Yes,Yes,15224,Yes,Yes,35-44,,,,,,,,
10473903188,1/17/2019,1/17/2019,Extremely familiar,Yes,Yes,1,Approve,Not sure,Not sure,15014,Yes,Yes,35-44,,,,,,,,
10473898371,1/17/2019,1/17/2019,Somewhat familiar,Yes,Yes,2,Approve,No,Yes,15209,Yes,Yes,35-44,,,,,,,,
10473893251,1/17/2019,1/17/2019,Mostly familiar,Yes,Yes,3,Disapprove,Yes,Yes,15217,Yes,Yes,35-44,,,,,,,,
10473883852,1/17/2019,1/17/2019,Extremely familiar,Yes,Yes,3,Approve,No,No,15211,Yes,Yes,35-44,,,,,,,,
10473843349,1/17/2019,1/17/2019,Somewhat familiar,Not sure,Yes,2,Approve,No,Yes,15212,Yes,Yes,35-44,,,,,,,,
10473841789,1/17/2019,1/17/2019,Extremely familiar,Yes,Yes,2,Approve,No,No,15090,Yes,Yes,35-44,,,,,,,,
10473841618,1/17/2019,1/17/2019,Extremely familiar,Not sure,Yes,3,Approve,No,Yes,15221,Yes,Yes,35-44,,,,,,,,
10473839543,1/17/2019,1/17/2019,Extremely familiar,No,Yes,3,Approve,No,Yes,15235,Yes,Yes,35-44,,,,,,,,
10473829158,1/17/2019,1/17/2019,Extremely familiar,No,Yes,2,Approve,No,Yes,15206,Yes,Yes,35-44,,,,,,,,
10473817850,1/17/2019,1/17/2019,Extremely familiar,Yes,Yes,3,Somewhat Approve,Not sure,Yes,15217,Yes,Yes,35-44,,,,,,,,
10473803668,1/17/2019,1/17/2019,Mostly familiar,Yes,Yes,3,Approve,Yes,Yes,15223,Yes,Yes,35-44,,,,,,,,
10473795299,1/17/2019,1/17/2019,Extremely familiar,No,No,3,Somewhat Approve,Yes,Yes,16262,Yes,Yes,35-44,,,,,,,,
10473794910,1/17/2019,1/17/2019,Extremely familiar,Yes,Yes,1,Approve,No,Yes,15224,Yes,Yes,35-44,,,,,,,,
10473790521,1/17/2019,1/17/2019,Mostly familiar,Yes,Yes,2,Approve,No,No,15227,Yes,Yes,35-44,,,,,,,,
10473786287,1/17/2019,1/17/2019,Extremely familiar,Yes,Yes,2,Somewhat Approve,Not sure,Yes,15203,Yes,Yes,35-44,,,,,,,,
10473786049,1/17/2019,1/17/2019,Extremely familiar,Yes,Yes,2,Approve,Not sure,Yes,15214,Yes,Yes,35-44,,,,,,,,
10473785857,1/17/2019,1/17/2019,Extremely familiar,Yes,Yes,3,Approve,Yes,Yes,15217,Yes,Yes,35-44,,,,,,,,
10473783281,1/17/2019,1/17/2019,Extremely familiar,Yes,Yes,2,Approve,No,Yes,15668,Yes,Yes,35-44,,,,,,,,
10473779296,1/17/2019,1/17/2019,Somewhat familiar,Yes,Yes,3,Approve,Not sure,Yes,15224,No,Yes,35-44,,,,,,,,
10473770067,1/17/2019,1/17/2019,Mostly familiar,No,Yes,3,Approve,No,Yes,15241,Yes,Yes,35-44,,,,,,,,
10473767294,1/17/2019,1/17/2019,Mostly familiar,Yes,Yes,2,Neutral,Not sure,Not sure,15216,Yes,Yes,35-44,,,,,,,,
10473753329,1/17/2019,1/17/2019,Somewhat familiar,No,No,2,Somewhat Approve,No,Yes,15003,Yes,No,35-44,,,,,,,,
10473674801,1/17/2019,1/17/2019,Mostly familiar,Yes,Yes,2,Approve,Not sure,Yes,15221,Yes,Yes,35-44,,,,,,,,
10473634043,1/17/2019,1/17/2019,Mostly familiar,No,Yes,3,Approve,No,Yes,15227,Yes,Yes,35-44,,,,,,,,
10473590511,1/17/2019,1/17/2019,Mostly familiar,Yes,Yes,2,Disapprove,Yes,Yes,15212,No,Yes,35-44,,,,,,,,
10473587434,1/17/2019,1/17/2019,Somewhat familiar,Yes,No,3,Somewhat Approve,Yes,Yes,15206,Yes,Yes,35-44,,,,,,,,
10473574203,1/17/2019,1/17/2019,Mostly familiar,No,Yes,2,Approve,Not sure,Yes,15207,Yes,Yes,35-44,,,,,,,,
10473496228,1/17/2019,1/17/2019,Somewhat familiar,No,Yes,3,Neutral,Not sure,Not sure,15218,Yes,Yes,35-44,,,,,,,,
10473462794,1/17/2019,1/17/2019,Extremely familiar,Yes,Yes,3,Approve,No,Not sure,15213,Yes,Yes,35-44,,,,,,,,
10473441008,1/17/2019,1/17/2019,Mostly familiar,Yes,No,4,Approve,Not sure,Yes,15232,Yes,Yes,35-44,,,,,,,,
10473430861,1/17/2019,1/17/2019,Extremely familiar,No,Yes,3,Somewhat Approve,No,Yes,15228,Yes,Yes,35-44,,,,,,,,
10473429732,1/17/2019,1/17/2019,Somewhat familiar,Yes,Yes,2,Somewhat Disapprove,Not sure,Yes,15205,Yes,Yes,35-44,,,,,,,,
10473427146,1/17/2019,1/17/2019,Extremely familiar,No,Yes,3,Approve,Not sure,Yes,15203,Yes,Yes,35-44,,,,,,,,
10473357546,1/17/2019,1/17/2019,Extremely familiar,No,No,3,Approve,No,Yes,15217,Yes,Yes,35-44,,,,,,,,
10473345772,1/17/2019,1/17/2019,Not familiar at all,Not sure,Yes,3,Approve,No,Yes,15218,Yes,Yes,35-44,,,,,,,,
10473331984,1/17/2019,1/17/2019,Mostly familiar,Yes,Yes,5,Approve,No,Yes,15208,Yes,Yes,35-44,,,,,,,,
10473270444,1/17/2019,1/17/2019,Somewhat familiar,Not sure,Yes,3,Somewhat Disapprove,Yes,Yes,15066,Yes,Yes,35-44,,,,,,,,
10473254464,1/17/2019,1/17/2019,Mostly familiar,No,No,1,Disapprove,Yes,Yes,15204,Yes,Yes,35-44,,,,,,,,
10473208813,1/17/2019,1/17/2019,Somewhat familiar,Not sure,Not sure,3,Somewhat Disapprove,Yes,Yes,15216,Yes,Yes,35-44,,,,,,,,
10473171294,1/17/2019,1/17/2019,Somewhat familiar,Yes,Yes,4,Disapprove,Yes,Yes,15213,Yes,Yes,35-44,,,,,,,,
10473157692,1/17/2019,1/17/2019,Mostly familiar,Yes,No,2,Approve,No,Yes,15217,Yes,Yes,35-44,,,,,,,,
10473128227,1/17/2019,1/17/2019,Somewhat familiar,Yes,Yes,3,Somewhat Approve,Not sure,Not sure,15201,Yes,Yes,35-44,,,,,,,,
10473084943,1/17/2019,1/17/2019,Somewhat familiar,No,Yes,5,Somewhat Disapprove,Yes,Yes,15210,Yes,Yes,35-44,,,,,,,,
10473084634,1/17/2019,1/17/2019,Mostly familiar,Yes,No,1,Approve,Yes,Yes,15212,Yes,Yes,35-44,,,,,,,,
10473067855,1/17/2019,1/17/2019,Somewhat familiar,Yes,Yes,4,Somewhat Approve,No,Yes,15217,Yes,Yes,35-44,,,,,,,,
10473060136,1/17/2019,1/17/2019,Extremely familiar,No,Yes,3,Somewhat Approve,Not sure,Yes,15133,Yes,Yes,35-44,,,,,,,,
10473058413,1/17/2019,1/17/2019,Somewhat familiar,No,Yes,2,Somewhat Approve,No,Yes,15209,Yes,Yes,35-44,,,,,,,,
10473049991,1/17/2019,1/17/2019,Somewhat familiar,Not sure,Not sure,3,Somewhat Approve,Not sure,Yes,15207,Yes,Yes,35-44,,,,,,,,
10473044055,1/17/2019,1/17/2019,Extremely familiar,Yes,No,1,Approve,Yes,Yes,15201,Yes,Yes,35-44,,,,,,,,
10473033256,1/17/2019,1/17/2019,Somewhat familiar,Yes,Yes,3,Somewhat Disapprove,Yes,Yes,15233,No,Yes,35-44,,,,,,,,
10473024205,1/17/2019,1/17/2019,Not familiar at all,Yes,Yes,2,Approve,No,No,15212,Yes,Yes,35-44,,,,,,,,
10473004650,1/17/2019,1/17/2019,Somewhat familiar,Yes,Yes,4,Somewhat Approve,No,Yes,15201,Yes,Yes,35-44,,,,,,,,
10472996224,1/17/2019,1/17/2019,Somewhat familiar,Yes,No,3,Approve,Yes,Yes,15201,Yes,Yes,35-44,,,,,,,,
10472970883,1/17/2019,1/17/2019,Somewhat familiar,No,Yes,3,Approve,No,No,15206,Yes,Yes,35-44,,,,,,,,
10472954462,1/17/2019,1/17/2019,Somewhat familiar,Yes,Yes,2,Approve,Not sure,Yes,15212,Yes,Yes,35-44,,,,,,,,
10472921277,1/17/2019,1/17/2019,Not familiar at all,No,Yes,2,Somewhat Approve,Yes,Yes,15211,Yes,Yes,35-44,,,,,,,,
10472916982,1/17/2019,1/17/2019,Somewhat familiar,Yes,Yes,2,Somewhat Approve,Yes,Yes,15217,Yes,Yes,35-44,,,,,,,,
10472916808,1/17/2019,1/17/2019,Somewhat familiar,Yes,Not sure,3,Somewhat Approve,Yes,Yes,15201,Yes,Yes,35-44,,,,,,,,
10472911560,1/17/2019,1/17/2019,Somewhat familiar,Yes,No,3,Neutral,Not sure,Yes,15217,Yes,Yes,35-44,,,,,,,,
10472907808,1/17/2019,1/17/2019,Somewhat familiar,Yes,Yes,3,Neutral,Not sure,Not sure,15206,Yes,Yes,35-44,,,,,,,,
10472897752,1/17/2019,1/17/2019,Somewhat familiar,Yes,No,4,Somewhat Disapprove,Yes,Yes,15212,Yes,Yes,35-44,,,,,,,,
10472894031,1/17/2019,1/17/2019,Mostly familiar,Yes,Yes,2,Approve,Not sure,Yes,15317,Yes,Yes,35-44,,,,,,,,
10472889853,1/17/2019,1/17/2019,Extremely familiar,Yes,Yes,3,Neutral,Not sure,Yes,15206,Yes,Yes,35-44,,,,,,,,
10472886302,1/17/2019,1/17/2019,Mostly familiar,Yes,Yes,3,Somewhat Disapprove,Yes,Yes,15206,Yes,Yes,35-44,,,,,,,,
10472883936,1/17/2019,1/17/2019,Somewhat familiar,Yes,No,1,Somewhat Disapprove,Yes,Yes,15224,Yes,Yes,35-44,,,,,,,,
10472875667,1/17/2019,1/17/2019,Somewhat familiar,No,No,2,Somewhat Approve,Yes,Yes,15217,Yes,Yes,35-44,,,,,,,,
10472872976,1/17/2019,1/17/2019,Somewhat familiar,Yes,Yes,2,Somewhat Approve,Yes,Yes,15147,Yes,Yes,35-44,,,,,,,,
10472871001,1/17/2019,1/17/2019,Not familiar at all,Yes,No,3,Somewhat Approve,Yes,Yes,15212,Yes,Yes,35-44,,,,,,,,
10472858816,1/17/2019,1/17/2019,Mostly familiar,No,Yes,1,Approve,No,Yes,15101,Yes,Yes,35-44,,,,,,,,
10472850677,1/17/2019,1/17/2019,Mostly familiar,Yes,Yes,3,Somewhat Disapprove,Yes,Yes,15216,Yes,Yes,35-44,,,,,,,,
10472828521,1/17/2019,1/17/2019,Somewhat familiar,No,No,3,Somewhat Approve,Yes,Yes,15215,Yes,Yes,35-44,,,,,,,,
10472810201,1/17/2019,1/17/2019,Somewhat familiar,Yes,Yes,3,Somewhat Disapprove,Not sure,Yes,15224,Yes,Yes,35-44,,,,,,,,
10472802773,1/17/2019,1/17/2019,Somewhat familiar,Yes,Yes,2,Neutral,Not sure,Yes,15224,Yes,Yes,35-44,,,,,,,,
10472801388,1/17/2019,1/17/2019,Somewhat familiar,Not sure,No,3,Somewhat Disapprove,Not sure,Yes,15206,Yes,Yes,35-44,,,,,,,,
10472801045,1/17/2019,1/17/2019,Somewhat familiar,Yes,No,2,Somewhat Approve,Yes,Yes,15224,Yes,Yes,35-44,,,,,,,,
10472794119,1/17/2019,1/17/2019,Somewhat familiar,No,Yes,3,Approve,Not sure,Yes,15211,Yes,Yes,35-44,,,,,,,,
10472779191,1/17/2019,1/17/2019,Somewhat familiar,Yes,Yes,3,Somewhat Disapprove,Yes,Yes,15145,Yes,Yes,35-44,,,,,,,,
10472765777,1/17/2019,1/17/2019,Extremely familiar,Yes,No,2,Neutral,Not sure,Yes,15224,Yes,Yes,35-44,,,,,,,,
10472706788,1/17/2019,1/17/2019,Somewhat familiar,Yes,Yes,4,Disapprove,Yes,Yes,15224,Yes,Yes,35-44,,,,,,,,
10472686445,1/17/2019,1/17/2019,Somewhat familiar,Yes,Yes,2,Neutral,Not sure,Yes,15317,Yes,Yes,35-44,,,,,,,,
10472672356,1/17/2019,1/17/2019,Mostly familiar,Not sure,Yes,4,Somewhat Approve,Yes,Yes,15216,Yes,Yes,35-44,,,,,,,,
10472662243,1/17/2019,1/17/2019,Mostly familiar,Yes,Yes,2,Approve,No,Yes,15226,Yes,Yes,35-44,,,,,,,,
10472655599,1/17/2019,1/17/2019,Somewhat familiar,Yes,Yes,3,Approve,No,Yes,15147,Yes,Yes,35-44,,,,,,,,
10472645448,1/17/2019,1/17/2019,Somewhat familiar,Yes,Yes,2,Approve,No,Yes,15120,Yes,Yes,35-44,,,,,,,,
10472551821,1/17/2019,1/17/2019,Mostly familiar,No,No,3,Approve,No,No,15212,Yes,Yes,35-44,,,,,,,,
10472513365,1/17/2019,1/17/2019,Extremely familiar,No,Yes,3,Approve,No,Yes,15243,Yes,Yes,35-44,,,,,,,,
10472374692,1/17/2019,1/17/2019,Somewhat familiar,Yes,Yes,4,Somewhat Disapprove,Yes,Yes,15224,Yes,Yes,35-44,,,,,,,,
10472308490,1/17/2019,1/17/2019,Mostly familiar,Not sure,Yes,2,Approve,Not sure,Yes,15211,Yes,Yes,35-44,,,,,,,,
10472195964,1/17/2019,1/17/2019,Mostly familiar,No,No,3,Somewhat Approve,Yes,Yes,15223,Yes,Yes,35-44,,,,,,,,
10472179069,1/16/2019,1/16/2019,Not familiar at all,Yes,No,3,Neutral,No,Yes,15205,Yes,Yes,35-44,,,,,,,,
10472171552,1/16/2019,1/16/2019,Mostly familiar,Yes,No,3,Approve,No,Yes,44425,Yes,Yes,35-44,,,,,,,,
10472146531,1/16/2019,1/16/2019,Extremely familiar,No,Yes,3,Approve,Not sure,Yes,15201,Yes,Yes,35-44,,,,,,,,
10472145412,1/16/2019,1/16/2019,Somewhat familiar,Not sure,Not sure,2,Approve,Not sure,Yes,15213,Yes,Yes,35-44,,,,,,,,
10472140447,1/16/2019,1/16/2019,Somewhat familiar,No,No,4,Disapprove,Yes,Yes,15212,Yes,Yes,35-44,,,,,,,,
10472120670,1/16/2019,1/16/2019,Extremely familiar,No,Yes,4,Somewhat Disapprove,No,Yes,15222,Yes,Yes,35-44,,,,,,,,
10472101672,1/16/2019,1/16/2019,Not familiar at all,Yes,Yes,3,Neutral,Yes,Yes,15212,Yes,Yes,35-44,,,,,,,,
10472100205,1/16/2019,1/16/2019,Extremely familiar,Yes,Yes,3,Disapprove,Yes,Yes,15219,Yes,Yes,35-44,,,,,,,,
10472091694,1/16/2019,1/16/2019,Somewhat familiar,Yes,Yes,2,Approve,Yes,Yes,15201,Yes,Yes,35-44,,,,,,,,
10472078544,1/16/2019,1/16/2019,Mostly familiar,Yes,Yes,3,Approve,No,Yes,15232,Yes,Yes,35-44,,,,,,,,
10472071570,1/16/2019,1/16/2019,Mostly familiar,Yes,Yes,3,Approve,Not sure,Yes,15217,Yes,Yes,35-44,,,,,,,,
10472071424,1/16/2019,1/16/2019,Somewhat familiar,No,No,3,Approve,Not sure,Yes,15241,Yes,Yes,35-44,,,,,,,,
10472067552,1/16/2019,1/16/2019,Somewhat familiar,Not sure,Not sure,3,Neutral,No,Yes,15237,Yes,Yes,35-44,,,,,,,,
10472066832,1/16/2019,1/16/2019,Extremely familiar,Yes,Yes,4,Approve,No,Yes,15212,Yes,Yes,35-44,,,,,,,,
10472036242,1/16/2019,1/16/2019,Extremely familiar,Yes,Yes,1,Somewhat Approve,Yes,Yes,15206,Yes,Yes,35-44,,,,,,,,
10472017223,1/16/2019,1/16/2019,Extremely familiar,Yes,Yes,2,Approve,Yes,Not sure,15224,No,Yes,35-44,,,,,,,,
10472014886,1/16/2019,1/16/2019,Mostly familiar,No,No,2,Somewhat Disapprove,Yes,Yes,15139,Yes,Yes,35-44,,,,,,,,
10472012493,1/16/2019,1/16/2019,Not familiar at all,Yes,Yes,2,Somewhat Approve,Yes,Yes,15211,Yes,Yes,35-44,,,,,,,,
10472010771,1/16/2019,1/16/2019,Mostly familiar,Yes,Yes,2,Approve,Not sure,Yes,15221,Yes,Yes,35-44,,,,,,,,
10471996153,1/16/2019,1/16/2019,Mostly familiar,Not sure,Not sure,1,Somewhat Disapprove,Yes,Yes,15206,Yes,Yes,35-44,,,,,,,,
10471993112,1/16/2019,1/16/2019,Somewhat familiar,Not sure,Yes,3,Disapprove,Yes,Yes,15207,Yes,Yes,35-44,,,,,,,,
10471991711,1/16/2019,1/16/2019,Mostly familiar,No,Yes,3,Disapprove,Not sure,Yes,15221,Yes,Yes,35-44,,,,,,,,
10471988453,1/16/2019,1/16/2019,Somewhat familiar,No,Yes,3,Somewhat Approve,No,Yes,15206,Yes,Yes,35-44,,,,,,,,
10471987128,1/16/2019,1/16/2019,Mostly familiar,No,No,3,Approve,No,Yes,15221,Yes,Yes,35-44,,,,,,,,
10471977138,1/16/2019,1/16/2019,Mostly familiar,Not sure,Not sure,1,Approve,Not sure,No,15203,Yes,Yes,35-44,,,,,,,,
10471974660,1/16/2019,1/16/2019,Mostly familiar,Yes,No,4,Approve,No,Yes,15206,Yes,Yes,35-44,,,,,,,,
10471962857,1/16/2019,1/16/2019,Extremely familiar,Yes,No,1,Somewhat Approve,Yes,Yes,15227,Yes,Yes,35-44,,,,,,,,
10471946101,1/16/2019,1/16/2019,Somewhat familiar,No,Yes,3,Somewhat Disapprove,Yes,Yes,15104,Yes,Yes,35-44,,,,,,,,
10471943823,1/16/2019,1/16/2019,Somewhat familiar,No,No,3,Somewhat Approve,Not sure,Yes,15221,Yes,Yes,35-44,,,,,,,,
10471942985,1/16/2019,1/16/2019,Somewhat familiar,No,No,1,Approve,Yes,Yes,15201,No,Yes,35-44,,,,,,,,
10471939627,1/16/2019,1/16/2019,Somewhat familiar,Yes,Yes,3,Approve,Not sure,Yes,15227,Yes,Yes,35-44,,,,,,,,
10471937563,1/16/2019,1/16/2019,Not familiar at all,Yes,Yes,4,Somewhat Approve,Not sure,Yes,15224,Yes,Yes,35-44,,,,,,,,
10471935374,1/16/2019,1/16/2019,Not familiar at all,Yes,Yes,3,Somewhat Approve,No,Yes,15221,Yes,Yes,35-44,,,,,,,,
10471933329,1/16/2019,1/16/2019,Extremely familiar,Yes,Yes,2,Somewhat Approve,Yes,Yes,15203,Yes,Yes,35-44,,,,,,,,
10471932214,1/16/2019,1/16/2019,Somewhat familiar,Yes,Not sure,1,Approve,No,No,15220,Yes,Yes,35-44,,,,,,,,
10471931232,1/16/2019,1/16/2019,Extremely familiar,Yes,Yes,4,Approve,No,Yes,15206,Yes,Yes,35-44,,,,,,,,
10471931177,1/16/2019,1/16/2019,Mostly familiar,Yes,Yes,5,Approve,No,No,15212,Yes,Yes,35-44,,,,,,,,
10471928688,1/16/2019,1/16/2019,Not familiar at all,No,Yes,3,Approve,Yes,Yes,15106,Yes,Yes,35-44,,,,,,,,
10471927900,1/16/2019,1/16/2019,Somewhat familiar,No,Yes,2,Approve,No,Yes,15206,Yes,Yes,35-44,,,,,,,,
10471915457,1/16/2019,1/16/2019,Somewhat familiar,Not sure,Not sure,5,Somewhat Disapprove,Yes,Yes,15102,Yes,Yes,35-44,,,,,,,,
10471902653,1/16/2019,1/16/2019,Somewhat familiar,No,No,4,Approve,No,Yes,15202,Yes,Yes,35-44,,,,,,,,
10471899964,1/16/2019,1/16/2019,Mostly familiar,Yes,Yes,4,Disapprove,Yes,Yes,15214,Yes,Yes,35-44,,,,,,,,
10471895172,1/16/2019,1/16/2019,Somewhat familiar,Yes,Yes,2,Approve,Not sure,Yes,15221,Yes,Yes,35-44,,,,,,,,
10471892144,1/16/2019,1/16/2019,Mostly familiar,Yes,Yes,3,Approve,Not sure,Yes,15219,Yes,Yes,35-44,,,,,,,,
10471889585,1/16/2019,1/16/2019,Somewhat familiar,No,Yes,1,Somewhat Approve,Yes,Yes,15068,Yes,Yes,35-44,,,,,,,,
10471886637,1/16/2019,1/16/2019,Somewhat familiar,Yes,Yes,4,Somewhat Approve,Yes,Yes,15206,Yes,Yes,35-44,,,,,,,,
10471883824,1/16/2019,1/16/2019,Somewhat familiar,Yes,Yes,3,Somewhat Disapprove,Yes,Yes,15206,Yes,Yes,35-44,,,,,,,,
10471882984,1/16/2019,1/16/2019,Mostly familiar,Yes,No,3,Somewhat Approve,Yes,Yes,15217,Yes,Yes,35-44,,,,,,,,
10471880828,1/16/2019,1/16/2019,Mostly familiar,No,No,3,Approve,Not sure,Yes,15232,No,Yes,35-44,,,,,,,,
10471873101,1/16/2019,1/16/2019,Extremely familiar,Yes,Yes,2,Neutral,Not sure,Yes,15206,Yes,Yes,35-44,,,,,,,,
10471871191,1/16/2019,1/16/2019,Mostly familiar,Yes,Yes,3,Neutral,Yes,Yes,15206,Yes,Yes,35-44,,,,,,,,
10471868437,1/16/2019,1/16/2019,Mostly familiar,Yes,Yes,2,Approve,Not sure,Yes,15222,Yes,Yes,35-44,,,,,,,,
10471863331,1/16/2019,1/16/2019,Mostly familiar,Yes,Yes,2,Approve,Yes,Yes,15217,Yes,Yes,35-44,,,,,,,,
10471859783,1/16/2019,1/16/2019,Mostly familiar,No,Yes,3,Somewhat Approve,Yes,Yes,15228,Yes,Yes,35-44,,,,,,,,
10471859508,1/16/2019,1/16/2019,Mostly familiar,No,Yes,2,Somewhat Disapprove,Yes,Yes,15201,No,Yes,35-44,,,,,,,,
10471851628,1/16/2019,1/16/2019,Somewhat familiar,Yes,Yes,2,Somewhat Disapprove,Yes,Yes,15217,Yes,Yes,35-44,,,,,,,,
10471850868,1/16/2019,1/16/2019,Somewhat familiar,Yes,No,1,Somewhat Approve,Not sure,Yes,15224,Yes,Yes,35-44,,,,,,,,
10471837932,1/16/2019,1/16/2019,Not familiar at all,Yes,Yes,2,Somewhat Approve,Not sure,Not sure,15224,Yes,Yes,35-44,,,,,,,,
10471834288,1/16/2019,1/16/2019,Mostly familiar,Yes,Yes,3,Somewhat Approve,No,No,15212,Yes,Yes,35-44,,,,,,,,
10471830054,1/16/2019,1/16/2019,Mostly familiar,Yes,Yes,3,Approve,No,Yes,15218,Yes,Yes,35-44,,,,,,,,
10471828319,1/16/2019,1/16/2019,Somewhat familiar,Yes,No,3,Approve,No,Yes,15217,Yes,Yes,35-44,,,,,,,,
10471825964,1/16/2019,1/16/2019,Mostly familiar,Yes,Yes,3,Somewhat Disapprove,Not sure,Yes,15201,Yes,Yes,35-44,,,,,,,,
10471824758,1/16/2019,1/16/2019,Somewhat familiar,Not sure,No,2,Neutral,Yes,Yes,15217,Yes,Yes,35-44,,,,,,,,
10471821639,1/16/2019,1/16/2019,Not familiar at all,Not sure,Yes,3,Approve,No,Yes,15216,Yes,Yes,35-44,,,,,,,,
10471819451,1/16/2019,1/16/2019,Somewhat familiar,Yes,Yes,2,Somewhat Approve,No,Yes,15201,Yes,Yes,35-44,,,,,,,,
10471819255,1/16/2019,1/16/2019,Extremely familiar,Yes,No,2,Approve,No,Yes,15084,Yes,Yes,35-44,,,,,,,,
10471811809,1/16/2019,1/16/2019,Not familiar at all,Yes,Yes,2,Neutral,Yes,Not sure,15201,Yes,Yes,35-44,,,,,,,,
10471807653,1/16/2019,1/16/2019,Mostly familiar,Yes,Yes,4,Somewhat Approve,Not sure,Yes,15201,Yes,Yes,35-44,,,,,,,,
10471792132,1/16/2019,1/16/2019,Somewhat familiar,No,No,4,Approve,Not sure,Yes,15206,Yes,Yes,45-54,,,,,,,,
10471790125,1/16/2019,1/16/2019,Somewhat familiar,Not sure,Yes,4,Neutral,Yes,Yes,15207,Yes,Yes,45-54,,,,,,,,
10471782197,1/16/2019,1/16/2019,Mostly familiar,Not sure,Not sure,3,Neutral,Not sure,Yes,15135,Yes,Yes,45-54,,,,,,,,
10471773437,1/16/2019,1/16/2019,Mostly familiar,Yes,No,2,Approve,No,No,15211,Yes,Yes,45-54,,,,,,,,
10471760075,1/16/2019,1/16/2019,Somewhat familiar,No,Not sure,2,A,No,Yes,15228,Yes,Yes,45-54,,,,,,,,
10471745787,1/16/2019,1/16/2019,Somewhat familiar,Yes,Yes,3,Approve,No,No,15211,Yes,Yes,45-54,,,,,,,,
10471735887,1/16/2019,1/16/2019,Not familiar at all,Yes,Yes,3,Approve,Yes,No,15201,Yes,Yes,45-54,,,,,,,,
10471735282,1/16/2019,1/16/2019,Extremely familiar,No,Yes,2,Somewhat Approve,Yes,Yes,15215,Yes,Yes,45-54,,,,,,,,
10471715582,1/16/2019,1/16/2019,Somewhat familiar,Yes,No,2,Approve,No,Yes,15224,Yes,Yes,45-54,,,,,,,,
10471714973,1/16/2019,1/16/2019,Somewhat familiar,Not sure,Yes,2,Neutral,Yes,Yes,38107,Yes,Yes,45-54,,,,,,,,
10471713700,1/16/2019,1/16/2019,Somewhat familiar,Not sure,Not sure,4,Approve,Not sure,Not sure,15601,Yes,Yes,45-54,,,,,,,,
10471711420,1/16/2019,1/16/2019,Not familiar at all,Yes,Yes,3,Neutral,Yes,Yes,15206,Yes,Yes,45-54,,,,,,,,
10471710954,1/16/2019,1/16/2019,Somewhat familiar,Yes,No,1,Approve,No,Yes,15212,Yes,Yes,45-54,,,,,,,,
10471706375,1/16/2019,1/16/2019,Somewhat familiar,Yes,No,3,Approve,No,Yes,15217,Yes,Yes,45-54,,,,,,,,
10471702422,1/16/2019,1/16/2019,Somewhat familiar,Not sure,Not sure,3,Somewhat Disapprove,Yes,Yes,15234,Yes,Yes,45-54,,,,,,,,
10471696264,1/16/2019,1/16/2019,Mostly familiar,Yes,Yes,3,Neutral,Yes,Yes,15237,Yes,Yes,45-54,,,,,,,,
10471690099,1/16/2019,1/16/2019,Not familiar at all,Yes,No,4,Disapprove,No,Yes,15003,Yes,Yes,45-54,,,,,,,,
10471681675,1/16/2019,1/16/2019,Somewhat familiar,Not sure,Not sure,1,Disapprove,Yes,Yes,15203,Yes,Yes,45-54,,,,,,,,
10471673164,1/16/2019,1/16/2019,Extremely familiar,Not sure,Not sure,2,Approve,Not sure,Yes,15068,Yes,Yes,45-54,,,,,,,,
10471669985,1/16/2019,1/16/2019,Mostly familiar,No,Yes,3,Somewhat Approve,Not sure,Yes,15227,Yes,Yes,45-54,,,,,,,,
10471667916,1/16/2019,1/16/2019,Extremely familiar,Yes,Yes,3,Somewhat Approve,Not sure,Yes,15235,Yes,Yes,45-54,,,,,,,,
10471664738,1/16/2019,1/16/2019,Somewhat familiar,No,Yes,1,Disapprove,Yes,Yes,15213,Yes,Yes,45-54,,,,,,,,
10471660048,1/16/2019,1/16/2019,Mostly familiar,Yes,Yes,3,Somewhat Approve,Not sure,Yes,15216,Yes,Yes,45-54,,,,,,,,
10471658140,1/16/2019,1/16/2019,Extremely familiar,Yes,No,3,Somewhat Approve,Not sure,Yes,15206,Yes,Yes,45-54,,,,,,,,
10471654396,1/16/2019,1/16/2019,Somewhat familiar,Not sure,No,1,Neutral,Not sure,No,15221,Yes,Yes,45-54,,,,,,,,
10471654214,1/16/2019,1/16/2019,Somewhat familiar,Yes,Yes,4,Approve,No,Yes,15206,Yes,Yes,45-54,,,,,,,,
10471651957,1/16/2019,1/16/2019,Extremely familiar,No,No,2,Neutral,Not sure,Yes,15090,Yes,Yes,45-54,,,,,,,,
10471650594,1/16/2019,1/16/2019,Somewhat familiar,Not sure,No,2,Approve,No,Yes,15116,Yes,Yes,45-54,,,,,,,,
10471648374,1/16/2019,1/16/2019,Not familiar at all,Yes,Yes,3,Approve,Yes,Yes,15218,Yes,Yes,45-54,,,,,,,,
10471648305,1/16/2019,1/16/2019,Not familiar at all,No,No,3,Neutral,Yes,Yes,15133,Yes,Yes,45-54,,,,,,,,
10471647859,1/16/2019,1/16/2019,Extremely familiar,No,No,3,Approve,Not sure,Yes,15221,Yes,Yes,45-54,,,,,,,,
10471647358,1/16/2019,1/16/2019,Mostly familiar,Yes,Yes,3,Approve,Not sure,Yes,15217,Yes,Yes,45-54,,,,,,,,
10471647082,1/16/2019,1/16/2019,Somewhat familiar,Not sure,Not sure,3,Somewhat Disapprove,Yes,Yes,16150,Yes,Yes,45-54,,,,,,,,
10471643899,1/16/2019,1/16/2019,Mostly familiar,Yes,Yes,2,Approve,Not sure,Yes,15243,Yes,Yes,45-54,,,,,,,,
10471639994,1/16/2019,1/16/2019,Mostly familiar,Yes,Yes,2,Approve,No,Yes,15206,Yes,Yes,45-54,,,,,,,,
10471636265,1/16/2019,1/16/2019,Mostly familiar,No,Yes,3,Approve,A,Yes,15217,Yes,Yes,45-54,,,,,,,,
10471632617,1/16/2019,1/16/2019,Mostly familiar,Yes,Yes,2,Somewhat Approve,Yes,Yes,15203,Yes,Yes,45-54,,,,,,,,
10471620874,1/16/2019,1/16/2019,Mostly familiar,No,No,2,Approve,Yes,Yes,15217,Yes,Yes,45-54,,,,,,,,
10471618929,1/16/2019,1/16/2019,Mostly familiar,Yes,Yes,1,Somewhat Approve,Yes,Yes,15221,Yes,Yes,45-54,,,,,,,,
10471613781,1/16/2019,1/16/2019,Somewhat familiar,No,No,3,Somewhat Approve,Yes,Yes,15241,Yes,Yes,45-54,,,,,,,,
10471610906,1/16/2019,1/16/2019,Somewhat familiar,Yes,Yes,4,Approve,No,Not sure,16066,Yes,Yes,45-54,,,,,,,,
10471609883,1/16/2019,1/16/2019,Mostly familiar,Yes,Yes,3,Approve,No,Not sure,15236,Yes,Yes,45-54,,,,,,,,
10471597642,1/16/2019,1/16/2019,Mostly familiar,No,Yes,2,Approve,Yes,Yes,15217,Yes,Yes,45-54,,,,,,,,
10471592734,1/16/2019,1/16/2019,Somewhat familiar,Not sure,No,1,Approve,No,Yes,15202,Yes,Yes,45-54,,,,,,,,
10471587562,1/16/2019,1/16/2019,Mostly familiar,Yes,No,3,Somewhat Approve,Yes,Yes,15221,Yes,Yes,45-54,,,,,,,,
10471585212,1/16/2019,1/16/2019,Somewhat familiar,Yes,Yes,2,Approve,No,No,15217,Yes,Yes,45-54,,,,,,,,
10471581999,1/16/2019,1/16/2019,Extremely familiar,Not sure,Not sure,3,Somewhat Approve,No,Yes,15219,Yes,Yes,45-54,,,,,,,,
10471573014,1/16/2019,1/16/2019,Extremely familiar,Not sure,Yes,4,Approve,No,Yes,15206,Yes,Yes,45-54,,,,,,,,
10471566032,1/16/2019,1/16/2019,Mostly familiar,No,No,4,Disapprove,No,Yes,15212,Yes,Yes,45-54,,,,,,,,
10471565407,1/16/2019,1/16/2019,Mostly familiar,Yes,Yes,4,Disapprove,Yes,Yes,15229,Yes,Yes,45-54,,,,,,,,
10471564339,1/16/2019,1/16/2019,Mostly familiar,No,No,3,Somewhat Approve,No,Yes,15122,Yes,Yes,45-54,,,,,,,,
10471562101,1/16/2019,1/16/2019,Somewhat familiar,Not sure,Yes,2,Approve,Yes,Yes,15216,Yes,Yes,45-54,,,,,,,,
10471561930,1/16/2019,1/16/2019,Somewhat familiar,Yes,No,3,Approve,Not sure,Yes,15136,Yes,Yes,45-54,,,,,,,,
10471558930,1/16/2019,1/16/2019,Extremely familiar,Yes,Yes,4,Approve,Yes,Yes,15206,Yes,Yes,45-54,,,,,,,,
10471558789,1/16/2019,1/16/2019,Extremely familiar,Yes,No,3,Approve,No,No,16001,Yes,Yes,45-54,,,,,,,,
10471555444,1/16/2019,1/16/2019,Somewhat familiar,Yes,Yes,3,Somewhat Approve,Yes,Yes,15146,Yes,Yes,45-54,,,,,,,,
10471555255,1/16/2019,1/16/2019,Somewhat familiar,Yes,Yes,3,Somewhat Approve,Yes,Yes,15206,Yes,Yes,45-54,,,,,,,,
10471542759,1/16/2019,1/16/2019,Somewhat familiar,Yes,No,3,Approve,No,Yes,16046,Yes,Yes,45-54,,,,,,,,
10471541905,1/16/2019,1/16/2019,Not familiar at all,Yes,No,4,Approve,Not sure,Yes,15203,Yes,Yes,45-54,,,,,,,,
10471533652,1/16/2019,1/16/2019,Somewhat familiar,Yes,Yes,3,Somewhat Approve,Yes,Yes,15215,Yes,Yes,45-54,,,,,,,,
10471529329,1/16/2019,1/16/2019,Somewhat familiar,Yes,Yes,3,Approve,Not sure,Yes,15217,Yes,Yes,45-54,,,,,,,,
10471521225,1/16/2019,1/16/2019,Extremely familiar,No,No,4,Neutral,No,Not sure,15230,Yes,Yes,45-54,,,,,,,,
10471520427,1/16/2019,1/16/2019,Extremely familiar,Yes,Yes,2,Somewhat Approve,No,Yes,15212,Yes,Yes,45-54,,,,,,,,
10471518659,1/16/2019,1/16/2019,Somewhat familiar,Yes,No,2,Approve,Yes,Yes,15218,Yes,Yes,45-54,,,,,,,,
10471513000,1/16/2019,1/16/2019,Somewhat familiar,No,No,3,Somewhat Approve,Not sure,Yes,15216,Yes,No,45-54,,,,,,,,
10471511870,1/16/2019,1/16/2019,Extremely familiar,Yes,Yes,4,Disapprove,Yes,Yes,15108,Yes,No,45-54,,,,,,,,
10471503401,1/16/2019,1/16/2019,Somewhat familiar,Not sure,No,3,Somewhat Approve,Yes,Yes,15218,Yes,Yes,45-54,,,,,,,,
10471503063,1/16/2019,1/16/2019,Mostly familiar,No,Yes,3,Neutral,Not sure,Yes,15218,Yes,Yes,45-54,,,,,,,,
10471499915,1/16/2019,1/16/2019,Mostly familiar,Not sure,Yes,3,Somewhat Approve,No,Yes,15238,Yes,Yes,45-54,,,,,,,,
10471492483,1/16/2019,1/16/2019,Somewhat familiar,No,Yes,4,Approve,No,Yes,15221,Yes,Yes,45-54,,,,,,,,
10471489586,1/16/2019,1/16/2019,Somewhat familiar,Not sure,Not sure,3,Disapprove,Yes,Yes,15228,Yes,Yes,45-54,,,,,,,,
10471486970,1/16/2019,1/16/2019,Mostly familiar,Yes,Yes,2,Approve,Yes,Yes,15217,Yes,Yes,45-54,,,,,,,,
10471486315,1/16/2019,1/16/2019,Somewhat familiar,Not sure,Not sure,1,Approve,Yes,Yes,15236,Yes,Yes,45-54,,,,,,,,
10471479318,1/16/2019,1/16/2019,Mostly familiar,Not sure,No,2,Neutral,Yes,Yes,15102,Yes,Yes,45-54,,,,,,,,
10471473828,1/16/2019,1/16/2019,Mostly familiar,Yes,Yes,3,Approve,Yes,Yes,15235,Yes,Yes,45-54,,,,,,,,
10471466403,1/16/2019,1/16/2019,Not familiar at all,No,No,3,Somewhat Approve,Yes,Yes,15057,Yes,Yes,45-54,,,,,,,,
10471465342,1/16/2019,1/16/2019,Extremely familiar,Yes,Yes,2,Neutral,Not sure,Yes,15228,Yes,Yes,45-54,,,,,,,,
10471460930,1/16/2019,1/16/2019,Extremely familiar,Yes,No,1,Approve,No,No,15203,Yes,Yes,45-54,,,,,,,,
10471457377,1/16/2019,1/16/2019,Somewhat familiar,No,No,2,Approve,No,Yes,15367,Yes,Yes,45-54,,,,,,,,
10471456236,1/16/2019,1/16/2019,Mostly familiar,Not sure,Yes,3,Approve,No,Yes,15228,Yes,Yes,45-54,,,,,,,,
10471456135,1/16/2019,1/16/2019,Somewhat familiar,Yes,Yes,3,Somewhat Approve,Yes,Yes,15232,Yes,Yes,45-54,,,,,,,,
10471448035,1/16/2019,1/16/2019,Somewhat familiar,No,No,3,Somewhat Disapprove,Yes,Yes,15129,Yes,Yes,45-54,,,,,,,,
10471447464,1/16/2019,1/16/2019,Not familiar at all,No,Yes,3,Approve,No,Yes,15232-1418,Yes,Yes,45-54,,,,,,,,
10471446640,1/16/2019,1/16/2019,Extremely familiar,Not sure,Not sure,3,Approve,No,No,15236,Yes,Yes,45-54,,,,,,,,
10471445998,1/16/2019,1/16/2019,Somewhat familiar,No,No,3,Somewhat Disapprove,Not sure,Yes,15143,Yes,Yes,45-54,,,,,,,,
10471445996,1/16/2019,1/16/2019,Somewhat familiar,Yes,Yes,1,Somewhat Approve,Yes,Yes,15208,Yes,Yes,45-54,,,,,,,,
10471440964,1/16/2019,1/16/2019,Mostly familiar,No,Yes,4,Somewhat Approve,No,Yes,15636,Yes,Yes,45-54,,,,,,,,
10471440010,1/16/2019,1/16/2019,Mostly familiar,Yes,Yes,3,Approve,No,Yes,15206,Yes,Yes,45-54,,,,,,,,
10471438647,1/16/2019,1/16/2019,Not familiar at all,Yes,Yes,3,Approve,Not sure,Not sure,15219,Yes,Yes,45-54,,,,,,,,
10471431945,1/16/2019,1/16/2019,Not familiar at all,No,Yes,3,Approve,No,Yes,15217,Yes,Yes,45-54,,,,,,,,
10471421645,1/16/2019,1/16/2019,Somewhat familiar,Yes,Yes,5,Neutral,Yes,Yes,15227,Yes,Yes,45-54,,,,,,,,
10471420913,1/16/2019,1/16/2019,Somewhat familiar,Yes,No,2,Somewhat Approve,Yes,Yes,16066,Yes,Yes,45-54,,,,,,,,
10471416008,1/16/2019,1/16/2019,Somewhat familiar,Not sure,Yes,3,Somewhat Approve,Not sure,Yes,15218,Yes,Yes,45-54,,,,,,,,
10471412131,1/16/2019,1/16/2019,Extremely familiar,Yes,Not sure,2,Somewhat Approve,Not sure,Yes,15224,No,Yes,45-54,,,,,,,,
10471405892,1/16/2019,1/16/2019,Mostly familiar,Not sure,Yes,3,Approve,No,No,15201,Yes,Yes,45-54,,,,,,,,
10471405843,1/16/2019,1/16/2019,Mostly familiar,Yes,Yes,3,Disapprove,Yes,Yes,15217,Yes,Yes,45-54,,,,,,,,
10471398092,1/16/2019,1/16/2019,Not familiar at all,Yes,No,3,Approve,Not sure,Yes,15202,Yes,Yes,45-54,,,,,,,,
10471395163,1/16/2019,1/16/2019,Mostly familiar,Yes,Yes,3,Approve,Yes,Yes,15214,Yes,Yes,45-54,,,,,,,,
10471392671,1/16/2019,1/16/2019,Extremely familiar,No,No,2,Somewhat Disapprove,Yes,Yes,15202,No,Yes,45-54,,,,,,,,
10471391119,1/16/2019,1/16/2019,Mostly familiar,No,Yes,3,Approve,Not sure,Yes,15238,Yes,Yes,45-54,,,,,,,,
10471386297,1/16/2019,1/16/2019,Mostly familiar,Yes,Yes,3,Disapprove,Yes,Yes,15221,No,Yes,45-54,,,,,,,,
10471385719,1/16/2019,1/16/2019,Somewhat familiar,No,Yes,2,Approve,Not sure,Yes,15147,Yes,Yes,45-54,,,,,,,,
10471384838,1/16/2019,1/16/2019,Somewhat familiar,Yes,No,3,Approve,No,No,15233,Yes,Yes,45-54,,,,,,,,
10471380756,1/16/2019,1/16/2019,Somewhat familiar,No,Yes,3,Approve,Not sure,Yes,15222,Yes,Yes,45-54,,,,,,,,
10471378247,1/16/2019,1/16/2019,Extremely familiar,Yes,No,4,Disapprove,Yes,Yes,15219,Yes,Yes,45-54,,,,,,,,
10471370989,1/16/2019,1/16/2019,Somewhat familiar,Yes,Yes,3,Approve,No,No,15275,Yes,Yes,45-54,,,,,,,,
10471367715,1/16/2019,1/16/2019,Mostly familiar,No,No,3,Approve,Yes,No,44720,Yes,Yes,45-54,,,,,,,,
10471367704,1/16/2019,1/16/2019,Mostly familiar,No,No,1,Somewhat Approve,Yes,Yes,15221,Yes,Yes,45-54,,,,,,,,
10471367048,1/16/2019,1/16/2019,Not familiar at all,Yes,Yes,2,Approve,Not sure,Yes,16001,Yes,No,45-54,,,,,,,,
10471366515,1/16/2019,1/16/2019,Somewhat familiar,No,No,4,Somewhat Disapprove,Not sure,Yes,15139,Yes,Yes,45-54,,,,,,,,
10471366065,1/16/2019,1/16/2019,Mostly familiar,No,Yes,4,Somewhat Disapprove,Yes,Yes,15217,Yes,No,45-54,,,,,,,,
10471363435,1/16/2019,1/16/2019,Extremely familiar,Yes,Yes,2,Disapprove,Yes,Yes,15206,Yes,Yes,45-54,,,,,,,,
10471362955,1/16/2019,1/16/2019,Mostly familiar,No,Yes,3,Approve,No,Yes,15217,Yes,Yes,45-54,,,,,,,,
10471359102,1/16/2019,1/16/2019,Mostly familiar,Yes,Yes,1,Approve,Yes,Yes,15206,Yes,Yes,45-54,,,,,,,,
10471354875,1/16/2019,1/16/2019,Mostly familiar,Yes,No,3,Somewhat Approve,No,Yes,15642,Yes,Yes,45-54,,,,,,,,
10471347622,1/16/2019,1/16/2019,Somewhat familiar,Yes,Yes,3,Somewhat Disapprove,Not sure,Yes,15613,Yes,No,45-54,,,,,,,,
10471345459,1/16/2019,1/16/2019,Extremely familiar,Not sure,No,1,Approve,Not sure,Yes,15221,Yes,Yes,45-54,,,,,,,,
10471342118,1/16/2019,1/16/2019,Somewhat familiar,No,No,3,Disapprove,Yes,Yes,15644,Yes,Yes,45-54,,,,,,,,
10471339291,1/16/2019,1/16/2019,Mostly familiar,No,No,2,Approve,No,Not sure,15055,Yes,Yes,45-54,,,,,,,,
10471338316,1/16/2019,1/16/2019,Mostly familiar,No,Yes,1,Somewhat Approve,Not sure,Yes,15229,Yes,Yes,45-54,,,,,,,,
10471336319,1/16/2019,1/16/2019,Mostly familiar,Yes,No,3,Neutral,Yes,Yes,15214,Yes,Yes,45-54,,,,,,,,
10471334774,1/16/2019,1/16/2019,Somewhat familiar,Yes,Yes,2,Approve,Not sure,Yes,15202,Yes,Yes,45-54,,,,,,,,
10471334604,1/16/2019,1/16/2019,Somewhat familiar,Yes,Yes,3,Somewhat Approve,Yes,Yes,15222,Yes,Yes,45-54,,,,,,,,
10471332743,1/16/2019,1/16/2019,Mostly familiar,Yes,No,2,Approve,Not sure,Yes,15236,Yes,Yes,45-54,,,,,,,,
10471329553,1/16/2019,1/16/2019,Extremely familiar,Yes,Yes,3,Disapprove,Yes,Yes,15136,No,Yes,55-64,,,,,,,,
10471327702,1/16/2019,1/16/2019,Mostly familiar,Yes,Yes,5,Somewhat Disapprove,Yes,Yes,15219,Yes,Yes,55-64,,,,,,,,
10471327441,1/16/2019,1/16/2019,Not familiar at all,No,Yes,4,Approve,No,Yes,15206,Yes,Yes,55-64,,,,,,,,
10471326524,1/16/2019,1/16/2019,Not familiar at all,No,No,4,Somewhat Approve,Yes,Yes,15241,Yes,Yes,55-64,,,,,,,,
10471326189,1/16/2019,1/16/2019,Somewhat familiar,Yes,Yes,3,Neutral,Yes,Yes,15222,Yes,Yes,55-64,,,,,,,,
10471325503,1/16/2019,1/16/2019,Mostly familiar,No,Not sure,2,Approve,No,Yes,15202,Yes,Yes,55-64,,,,,,,,
10471323600,1/16/2019,1/16/2019,Extremely familiar,Yes,Yes,3,Neutral,Yes,Yes,15068,Yes,Yes,55-64,,,,,,,,
10471320613,1/16/2019,1/16/2019,Mostly familiar,Yes,Yes,3,Approve,No,Yes,15215,Yes,Yes,55-64,,,,,,,,
10471316467,1/16/2019,1/16/2019,Extremely familiar,Yes,Yes,2,Approve,Not sure,Yes,15212,Yes,Yes,55-64,,,,,,,,
10471315374,1/16/2019,1/16/2019,Extremely familiar,No,Yes,2,Somewhat Approve,Yes,Yes,15241,Yes,Yes,55-64,,,,,,,,
10471314924,1/16/2019,1/16/2019,Extremely familiar,Yes,Yes,1,Approve,Yes,Yes,15222,Yes,Yes,55-64,,,,,,,,
10471310932,1/16/2019,1/16/2019,Somewhat familiar,Yes,Yes,3,Approve,Not sure,Yes,15147,Yes,Yes,55-64,,,,,,,,
10471310738,1/16/2019,1/16/2019,Extremely familiar,Yes,Yes,2,Somewhat Approve,Not sure,Yes,15203,Yes,Yes,55-64,,,,,,,,
10471305816,1/16/2019,1/16/2019,Mostly familiar,Yes,No,4,Approve,No,Yes,15216,Yes,Yes,55-64,,,,,,,,
10471302330,1/16/2019,1/16/2019,Extremely familiar,Yes,Yes,2,Approve,No,Yes,15211,Yes,Yes,55-64,,,,,,,,
10471301071,1/16/2019,1/16/2019,Somewhat familiar,No,Yes,3,Approve,No,Yes,15106,Yes,Yes,55-64,,,,,,,,
10471296576,1/16/2019,1/16/2019,Somewhat familiar,No,Yes,3,Neutral,Yes,Yes,15074,Yes,Yes,55-64,,,,,,,,
10471295394,1/16/2019,1/16/2019,Somewhat familiar,No,No,3,Somewhat Approve,Not sure,Yes,15217,Yes,Yes,55-64,,,,,,,,
10471290938,1/16/2019,1/16/2019,Not familiar at all,Not sure,Yes,2,Somewhat Disapprove,Yes,Yes,15217,Yes,Yes,55-64,,,,,,,,
10471290175,1/16/2019,1/16/2019,Extremely familiar,Yes,Yes,1,Disapprove,Yes,Yes,15143,Yes,No,55-64,,,,,,,,
10471284224,1/16/2019,1/16/2019,Somewhat familiar,Yes,No,4,Approve,Not sure,Yes,15212,Yes,Yes,55-64,,,,,,,,
10471283626,1/16/2019,1/16/2019,Mostly familiar,Yes,Yes,3,Approve,No,Yes,15222,Yes,Yes,55-64,,,,,,,,
10471281172,1/16/2019,1/16/2019,Somewhat familiar,Not sure,Yes,3,Approve,No,Yes,15332,Yes,Yes,55-64,,,,,,,,
10471280960,1/16/2019,1/16/2019,Somewhat familiar,No,No,1,Disapprove,No,No,15658,Yes,Yes,55-64,,,,,,,,
10471279606,1/16/2019,1/16/2019,Extremely familiar,Yes,No,2,Somewhat Approve,No,Yes,15212,Yes,Yes,55-64,,,,,,,,
10471279294,1/16/2019,1/16/2019,Somewhat familiar,No,Yes,4,Approve,Not sure,Yes,16059,Yes,Yes,55-64,,,,,,,,
10471278861,1/16/2019,1/16/2019,Not familiar at all,Not sure,Yes,3,Approve,No,Not sure,15216,Yes,Yes,55-64,,,,,,,,
10471278495,1/16/2019,1/16/2019,Somewhat familiar,No,No,4,Neutral,Yes,Yes,15227,Yes,Yes,55-64,,,,,,,,
10471276577,1/16/2019,1/16/2019,Not familiar at all,No,No,3,Neutral,Yes,Yes,15201,Yes,No,55-64,,,,,,,,
10471276267,1/16/2019,1/16/2019,Mostly familiar,No,No,4,Somewhat Approve,No,Yes,15237,Yes,Yes,55-64,,,,,,,,
10471275633,1/16/2019,1/16/2019,Mostly familiar,Yes,Yes,4,Somewhat Approve,No,No,15024,Yes,Yes,55-64,,,,,,,,
10471274343,1/16/2019,1/16/2019,Extremely familiar,No,No,2,Approve,Not sure,Yes,16146,Yes,Yes,55-64,,,,,,,,
10471274332,1/16/2019,1/16/2019,Somewhat familiar,Yes,Yes,2,Approve,No,Not sure,15228,Yes,Yes,55-64,,,,,,,,
10471272813,1/16/2019,1/16/2019,Somewhat familiar,Yes,No,3,Approve,Not sure,Yes,15206,Yes,Yes,55-64,,,,,,,,
10471266310,1/16/2019,1/16/2019,Extremely familiar,Yes,No,3,Somewhat Approve,No,Yes,15217,Yes,Yes,55-64,,,,,,,,
10471262735,1/16/2019,1/16/2019,Somewhat familiar,Not sure,Yes,3,Somewhat Approve,Yes,Yes,15116,Yes,Yes,55-64,,,,,,,,
10471258454,1/16/2019,1/16/2019,Mostly familiar,Yes,No,3,Somewhat Approve,Yes,Yes,15065,Yes,Yes,55-64,,,,,,,,
10471255545,1/16/2019,1/16/2019,Somewhat familiar,Not sure,Yes,3,Approve,No,No,15212,Yes,Yes,55-64,,,,,,,,
10471254811,1/16/2019,1/16/2019,Somewhat familiar,Yes,Yes,2,Approve,Not sure,No,15057,Yes,Yes,55-64,,,,,,,,
10471253868,1/16/2019,1/16/2019,Extremely familiar,No,No,2,Somewhat Approve,No,Yes,16001,Yes,Yes,55-64,,,,,,,,
10471253559,1/16/2019,1/16/2019,Mostly familiar,No,Yes,2,Approve,No,Yes,15668,Yes,Yes,55-64,,,,,,,,
10471252805,1/16/2019,1/16/2019,Mostly familiar,Not sure,No,5,Approve,Yes,Yes,15206,Yes,Yes,55-64,,,,,,,,
10471252564,1/16/2019,1/16/2019,Somewhat familiar,No,No,3,Disapprove,Yes,Yes,15626,Yes,Yes,55-64,,,,,,,,
10471251349,1/16/2019,1/16/2019,Somewhat familiar,Yes,Yes,4,Neutral,Yes,Yes,15223,Yes,Yes,55-64,,,,,,,,
10471251100,1/16/2019,1/16/2019,Mostly familiar,No,Yes,3,Neutral,Yes,Yes,15216,Yes,Yes,55-64,,,,,,,,
10471250183,1/16/2019,1/16/2019,Extremely familiar,Not sure,Yes,3,Neutral,Yes,Yes,15147,Yes,Yes,55-64,,,,,,,,
10471249779,1/16/2019,1/16/2019,Somewhat familiar,No,Yes,2,Approve,No,Yes,15090,Yes,Yes,55-64,,,,,,,,
10471248999,1/16/2019,1/16/2019,Extremely familiar,Not sure,No,2,Neutral,Not sure,Yes,15215,Yes,Yes,55-64,,,,,,,,
10471248003,1/16/2019,1/16/2019,Somewhat familiar,No,Yes,2,Neutral,No,Yes,15219,Yes,Yes,55-64,,,,,,,,
10471247067,1/16/2019,1/16/2019,Not familiar at all,No,Yes,1,Approve,Not sure,Not sure,15217,Yes,No,55-64,,,,,,,,
10471245727,1/16/2019,1/16/2019,Extremely familiar,Yes,Yes,2,Somewhat Approve,Yes,Yes,15122,Yes,Yes,55-64,,,,,,,,
10471245177,1/16/2019,1/16/2019,Somewhat familiar,Yes,Yes,1,Approve,No,Not sure,15102,Yes,Yes,55-64,,,,,,,,
10471243862,1/16/2019,1/16/2019,Extremely familiar,Yes,Yes,3,Approve,No,Not sure,15213,Yes,Yes,55-64,,,,,,,,
10471241325,1/16/2019,1/16/2019,Somewhat familiar,Yes,Yes,3,Approve,No,Yes,15222,Yes,Yes,55-64,,,,,,,,
10471240736,1/16/2019,1/16/2019,Mostly familiar,Yes,Not sure,2,Somewhat Disapprove,Yes,Yes,15206,Yes,Yes,55-64,,,,,,,,
10471239870,1/16/2019,1/16/2019,Somewhat familiar,Yes,No,5,Somewhat Approve,No,No,15222,Yes,Yes,55-64,,,,,,,,
10471239337,1/16/2019,1/16/2019,Somewhat familiar,Yes,No,3,Approve,No,Yes,15234,Yes,Yes,55-64,,,,,,,,
10471237738,1/16/2019,1/16/2019,Not familiar at all,No,No,2,Approve,No,Yes,15239,Yes,Yes,55-64,,,,,,,,
10471236117,1/16/2019,1/16/2019,Somewhat familiar,No,Yes,2,Approve,No,Yes,15237-1451,Yes,Yes,55-64,,,,,,,,
10471235552,1/16/2019,1/16/2019,Not familiar at all,Yes,Yes,2,Approve,No,No,15222,Yes,No,55-64,,,,,,,,
10471234506,1/16/2019,1/16/2019,Somewhat familiar,Yes,No,3,Approve,Yes,Yes,15221,Yes,Yes,55-64,,,,,,,,
10471233783,1/16/2019,1/16/2019,Mostly familiar,Not sure,Not sure,3,Neutral,Not sure,Yes,15601,Yes,Yes,55-64,,,,,,,,
10471233769,1/16/2019,1/16/2019,Mostly familiar,Yes,Yes,3,Neutral,Yes,Yes,15218,Yes,Yes,55-64,,,,,,,,
10471233575,1/16/2019,1/16/2019,Mostly familiar,No,No,3,Neutral,No,Yes,15241,Yes,Yes,55-64,,,,,,,,
10471233553,1/16/2019,1/16/2019,Extremely familiar,No,No,3,Approve,Yes,Yes,15217,Yes,Yes,55-64,,,,,,,,
10471232788,1/16/2019,1/16/2019,Somewhat familiar,No,Not sure,4,Neutral,Yes,Yes,15235,Yes,Yes,55-64,,,,,,,,
10471230241,1/16/2019,1/16/2019,Extremely familiar,Yes,No,4,Disapprove,Not sure,Yes,15216,Yes,Yes,55-64,,,,,,,,
10471213561,1/16/2019,1/16/2019,Mostly familiar,Yes,Yes,2,Approve,Not sure,Yes,15206,Yes,Yes,55-64,,,,,,,,
10471210632,1/16/2019,1/16/2019,Extremely familiar,No,No,4,Neutral,Yes,Not sure,15215,Yes,Yes,55-64,,,,,,,,
10471209961,1/16/2019,1/16/2019,Mostly familiar,Not sure,Not sure,2,Neutral,Not sure,Yes,15243,Yes,Yes,55-64,,,,,,,,
10471209765,1/16/2019,1/16/2019,Mostly familiar,Yes,Yes,3,Approve,No,Yes,15238,Yes,Yes,55-64,,,,,,,,
10471208375,1/16/2019,1/16/2019,Mostly familiar,No,No,4,Somewhat Approve,Yes,Yes,15202,Yes,Yes,55-64,,,,,,,,
10471203652,1/16/2019,1/16/2019,Somewhat familiar,Yes,No,3,Approve,No,Yes,15217,Yes,Yes,55-64,,,,,,,,
10471202664,1/16/2019,1/16/2019,Somewhat familiar,Yes,Yes,4,Somewhat Approve,Yes,Yes,15232,Yes,Yes,55-64,,,,,,,,
10471202634,1/16/2019,1/16/2019,Somewhat familiar,Yes,Yes,3,Somewhat Disapprove,Yes,Yes,15218,Yes,Yes,55-64,,,,,,,,
10471192237,1/16/2019,1/16/2019,Mostly familiar,No,No,3,Neutral,No,Yes,15207,Yes,Yes,55-64,,,,,,,,
10471190723,1/16/2019,1/16/2019,Somewhat familiar,No,Yes,3,Approve,No,Yes,16066,Yes,Yes,55-64,,,,,,,,
10471190357,1/16/2019,1/16/2019,Somewhat familiar,No,Yes,2,Approve,Not sure,Yes,15206,Yes,Yes,55-64,,,,,,,,
10471190181,1/16/2019,1/16/2019,Extremely familiar,Not sure,Not sure,3,Approve,Yes,Not sure,15241,Yes,Yes,55-64,,,,,,,,
10471185345,1/16/2019,1/16/2019,Mostly familiar,Yes,Yes,3,Approve,Not sure,Yes,15232,Yes,Yes,55-64,,,,,,,,
10471184188,1/16/2019,1/16/2019,Mostly familiar,Yes,Yes,2,Somewhat Approve,Not sure,Yes,15229,Yes,Yes,55-64,,,,,,,,
10471181187,1/16/2019,1/16/2019,Not familiar at all,No,Yes,3,Somewhat Disapprove,No,Yes,15108,Yes,No,55-64,,,,,,,,
10471180646,1/16/2019,1/16/2019,Extremely familiar,Not sure,Yes,3,A,Not sure,Yes,15102,Yes,Yes,55-64,,,,,,,,
10471178204,1/16/2019,1/16/2019,Somewhat familiar,Yes,No,3,Approve,No,Yes,15237,Yes,Yes,55-64,,,,,,,,
10471174445,1/16/2019,1/16/2019,Not familiar at all,Yes,Yes,2,Somewhat Approve,Not sure,Yes,15057,Yes,Yes,55-64,,,,,,,,
10471174202,1/16/2019,1/16/2019,Mostly familiar,Yes,Yes,4,Neutral,Not sure,Yes,15217,Yes,Yes,55-64,,,,,,,,
10471173168,1/16/2019,1/16/2019,Not familiar at all,No,No,1,Somewhat Approve,Not sure,Yes,15090,Yes,Yes,55-64,,,,,,,,
10471170557,1/16/2019,1/16/2019,Extremely familiar,Yes,Yes,4,Approve,Not sure,No,15217,Yes,Yes,55-64,,,,,,,,
10471170121,1/16/2019,1/16/2019,Somewhat familiar,No,Yes,3,Neutral,Not sure,Yes,15218,Yes,Yes,55-64,,,,,,,,
10471169844,1/16/2019,1/16/2019,Mostly familiar,Yes,Yes,2,Somewhat Approve,No,Yes,15206,Yes,Yes,55-64,,,,,,,,
10471169800,1/16/2019,1/16/2019,A,Yes,Yes,5,Approve,No,Yes,11111,Yes,Yes,55-64,,,,,,,,
10471167570,1/16/2019,1/16/2019,Extremely familiar,No,No,2,Approve,Not sure,Yes,15146,Yes,Yes,55-64,,,,,,,,
10471167228,1/16/2019,1/16/2019,Mostly familiar,Yes,No,2,Approve,No,Yes,15206,Yes,No,55-64,,,,,,,,
10471166268,1/16/2019,1/16/2019,Mostly familiar,No,No,2,Neutral,Yes,Yes,25303-1925,Yes,Yes,55-64,,,,,,,,
10471166224,1/16/2019,1/16/2019,Mostly familiar,Yes,No,3,Disapprove,Yes,Yes,15312,Yes,Yes,55-64,,,,,,,,
10471157583,1/16/2019,1/16/2019,Mostly familiar,Yes,No,3,Somewhat Disapprove,Yes,Yes,15212,Yes,Yes,55-64,,,,,,,,
10471154971,1/16/2019,1/16/2019,Somewhat familiar,No,Not sure,4,Somewhat Approve,Yes,Yes,15238,Yes,Yes,55-64,,,,,,,,
10471154026,1/16/2019,1/16/2019,Mostly familiar,No,Yes,2,Approve,Yes,Yes,15212,Yes,Yes,55-64,,,,,,,,
10471152859,1/16/2019,1/16/2019,Mostly familiar,Yes,No,3,Approve,Not sure,Yes,15206,Yes,Yes,55-64,,,,,,,,
10471151483,1/16/2019,1/16/2019,Somewhat familiar,No,No,3,Approve,Not sure,Yes,15217,Yes,Yes,55-64,,,,,,,,
10471149961,1/16/2019,1/16/2019,Mostly familiar,No,Yes,3,Neutral,Yes,Yes,15232,Yes,Yes,55-64,,,,,,,,
10471149370,1/16/2019,1/16/2019,Not familiar at all,Not sure,Yes,3,Somewhat Approve,Yes,Yes,15214,Yes,Yes,55-64,,,,,,,,
10471149107,1/16/2019,1/16/2019,Extremely familiar,Not sure,Yes,4,Approve,Yes,Yes,15241,Yes,Yes,55-64,,,,,,,,
10471149018,1/16/2019,1/16/2019,Extremely familiar,Yes,No,1,Disapprove,Yes,Yes,15238,Yes,Yes,55-64,,,,,,,,
10471148134,1/16/2019,1/16/2019,Somewhat familiar,Yes,Yes,4,Approve,No,No,15222,No,Yes,55-64,,,,,,,,
10471146201,1/16/2019,1/16/2019,Extremely familiar,Yes,Yes,2,Approve,Yes,Yes,15241,Yes,Yes,55-64,,,,,,,,
10471145579,1/16/2019,1/16/2019,Extremely familiar,No,No,2,Approve,Yes,Yes,15237,Yes,Yes,55-64,,,,,,,,
10471145366,1/16/2019,1/16/2019,Somewhat familiar,No,No,3,Somewhat Disapprove,Not sure,Yes,15102,Yes,Yes,55-64,,,,,,,,
10471145082,1/16/2019,1/16/2019,Somewhat familiar,No,No,2,Disapprove,Yes,Yes,15108,Yes,Yes,55-64,,,,,,,,
10471143353,1/16/2019,1/16/2019,Somewhat familiar,No,No,2,Approve,No,Yes,15228,Yes,Yes,55-64,,,,,,,,
10471138772,1/16/2019,1/16/2019,Mostly familiar,Yes,Yes,2,Somewhat Approve,Not sure,Yes,15228,Yes,Yes,55-64,,,,,,,,
10471133021,1/16/2019,1/16/2019,Mostly familiar,Yes,Yes,3,Approve,No,No,15017,Yes,Yes,55-64,,,,,,,,
10471132157,1/16/2019,1/16/2019,Extremely familiar,No,No,3,Neutral,Yes,Yes,15132,Yes,Yes,55-64,,,,,,,,
10471124811,1/16/2019,1/16/2019,Somewhat familiar,Yes,Yes,4,Approve,No,Yes,15206,A,No,55-64,,,,,,,,
10471123533,1/16/2019,1/16/2019,Somewhat familiar,No,Yes,3,Somewhat Approve,Not sure,Yes,15108,Yes,Yes,55-64,,,,,,,,
10471122728,1/16/2019,1/16/2019,Mostly familiar,Not sure,Not sure,3,Approve,No,Yes,15206,Yes,Yes,55-64,,,,,,,,
10471118268,1/16/2019,1/16/2019,Mostly familiar,Yes,Yes,4,Approve,Yes,Yes,15206,Yes,Yes,55-64,,,,,,,,
10471114832,1/16/2019,1/16/2019,Somewhat familiar,Not sure,Not sure,4,Approve,No,Not sure,15106,Yes,Yes,55-64,,,,,,,,
10471114172,1/16/2019,1/16/2019,Somewhat familiar,No,Yes,3,Somewhat Approve,Not sure,Yes,15108,Yes,Yes,55-64,,,,,,,,
10471113164,1/16/2019,1/16/2019,Extremely familiar,Not sure,Yes,1,Approve,No,Yes,16066,Yes,Yes,55-64,,,,,,,,
10471110492,1/16/2019,1/16/2019,Mostly familiar,Yes,Yes,3,Approve,No,Yes,15146,Yes,Yes,55-64,,,,,,,,
10471109193,1/16/2019,1/16/2019,Extremely familiar,No,Yes,2,Approve,No,Yes,15220,Yes,Yes,55-64,,,,,,,,
10471108714,1/16/2019,1/16/2019,Mostly familiar,Yes,Yes,3,Neutral,Not sure,Yes,15226,Yes,Yes,55-64,,,,,,,,
10471108028,1/16/2019,1/16/2019,Somewhat familiar,Yes,No,2,Somewhat Approve,Not sure,Yes,15090,Yes,Yes,55-64,,,,,,,,
10471105669,1/16/2019,1/16/2019,Extremely familiar,Yes,Yes,3,Approve,Yes,Yes,15221,No,Yes,55-64,,,,,,,,
10471102369,1/16/2019,1/16/2019,Extremely familiar,Not sure,Yes,4,Somewhat Disapprove,Not sure,Yes,15122,Yes,Yes,55-64,,,,,,,,
10471102015,1/16/2019,1/16/2019,Somewhat familiar,No,Yes,4,Approve,Yes,Yes,15217,Yes,Yes,55-64,,,,,,,,
10471101227,1/16/2019,1/16/2019,Mostly familiar,No,Yes,3,Neutral,Yes,Yes,15139,Yes,Yes,55-64,,,,,,,,
10471099152,1/16/2019,1/16/2019,Extremely familiar,Not sure,Not sure,2,Neutral,Yes,Yes,15317,Yes,Yes,55-64,,,,,,,,
10471096672,1/16/2019,1/16/2019,Extremely familiar,Not sure,Not sure,5,Somewhat Disapprove,Yes,Yes,26003,Yes,Yes,55-64,,,,,,,,
10471096634,1/16/2019,1/16/2019,Extremely familiar,Yes,Yes,3,Disapprove,Yes,Yes,15116,Yes,No,55-64,,,,,,,,
10471093922,1/16/2019,1/16/2019,Extremely familiar,Not sure,Not sure,4,Approve,No,Yes,15217,Yes,Yes,55-64,,,,,,,,
10471093265,1/16/2019,1/16/2019,Extremely familiar,Yes,Yes,3,Approve,Yes,Yes,15217,Yes,Yes,55-64,,,,,,,,
10471092487,1/16/2019,1/16/2019,Mostly familiar,Yes,Yes,2,Approve,No,Yes,15232,Yes,Yes,55-64,,,,,,,,
10471092121,1/16/2019,1/16/2019,Mostly familiar,Yes,Yes,3,Approve,Not sure,No,16002,Yes,Yes,55-64,,,,,,,,
10471091328,1/16/2019,1/16/2019,Mostly familiar,Yes,Yes,2,Approve,Not sure,Yes,15213,Yes,Yes,55-64,,,,,,,,
10471090510,1/16/2019,1/16/2019,Mostly familiar,No,No,2,Somewhat Approve,Not sure,Yes,15219,Yes,Yes,55-64,,,,,,,,
10471090000,1/16/2019,1/16/2019,Extremely familiar,Yes,Yes,3,Approve,Not sure,No,15215,Yes,Yes,55-64,,,,,,,,
10471088157,1/16/2019,1/16/2019,Somewhat familiar,Yes,Yes,2,Approve,No,Yes,16046,Yes,Yes,55-64,,,,,,,,
10471086824,1/16/2019,1/16/2019,Somewhat familiar,Yes,No,1,Approve,No,Yes,15217,Yes,Yes,55-64,,,,,,,,
10471086789,1/16/2019,1/16/2019,Extremely familiar,Yes,Yes,4,Approve,Not sure,Yes,15217,Yes,Yes,65+,,,,,,,,
10471086658,1/16/2019,1/16/2019,Somewhat familiar,No,No,4,Somewhat Disapprove,Yes,Yes,15223,Yes,Yes,65+,,,,,,,,
10471086606,1/16/2019,1/16/2019,Somewhat familiar,Yes,No,3,Approve,No,Yes,15237,Yes,Yes,65+,,,,,,,,
10471086477,1/16/2019,1/16/2019,Mostly familiar,No,Yes,2,Somewhat Approve,Yes,Yes,15208,Yes,Yes,65+,,,,,,,,
10471085724,1/16/2019,1/16/2019,Somewhat familiar,Yes,No,3,Approve,No,Yes,15209,Yes,Yes,65+,,,,,,,,
10471085619,1/16/2019,1/16/2019,Extremely familiar,No,Yes,5,Approve,Yes,Yes,15238,Yes,No,65+,,,,,,,,
10471084264,1/16/2019,1/16/2019,Somewhat familiar,No,No,3,Approve,Yes,Yes,15102,Yes,No,65+,,,,,,,,
10471084060,1/16/2019,1/16/2019,Mostly familiar,No,Yes,4,Approve,Not sure,Not sure,15201,Yes,No,65+,,,,,,,,
10471083368,1/16/2019,1/16/2019,Extremely familiar,Yes,No,2,Approve,Not sure,Yes,15222,Yes,Yes,65+,,,,,,,,
10471083327,1/16/2019,1/16/2019,Somewhat familiar,No,Yes,3,Approve,Not sure,Yes,15217,Yes,Yes,65+,,,,,,,,
10471081894,1/16/2019,1/16/2019,Mostly familiar,Yes,Yes,3,Somewhat Disapprove,Yes,Yes,15301,Yes,Yes,65+,,,,,,,,
10471081790,1/16/2019,1/16/2019,Extremely familiar,No,No,4,Neutral,Yes,Yes,15201,Yes,Yes,65+,,,,,,,,
10471079738,1/16/2019,1/16/2019,Extremely familiar,No,Yes,4,Approve,Yes,No,15201,Yes,Yes,65+,,,,,,,,
10471079501,1/16/2019,1/16/2019,Not familiar at all,Yes,Yes,2,Approve,Yes,Yes,15217,Yes,Yes,65+,,,,,,,,
10471078868,1/16/2019,1/16/2019,Mostly familiar,No,Yes,4,Approve,Yes,No,15211,Yes,Yes,65+,,,,,,,,
10471078165,1/16/2019,1/16/2019,Mostly familiar,No,No,4,Disapprove,No,Yes,48104,Yes,Yes,65+,,,,,,,,
10471078153,1/16/2019,1/16/2019,Mostly familiar,No,No,3,Disapprove,No,Yes,15223,Yes,Yes,65+,,,,,,,,
10471077766,1/16/2019,1/16/2019,Extremely familiar,Yes,Yes,2,Approve,Not sure,Yes,15201,Yes,Yes,65+,,,,,,,,
10471077715,1/16/2019,1/16/2019,Somewhat familiar,Not sure,Not sure,3,Disapprove,Yes,Yes,15212,No,No,65+,,,,,,,,
10471073411,1/16/2019,1/16/2019,Somewhat familiar,Not sure,No,4,Somewhat Approve,No,Yes,15217,Yes,Yes,65+,,,,,,,,
10471073253,1/16/2019,1/16/2019,Somewhat familiar,No,Yes,3,Somewhat Approve,Not sure,Yes,15217,Yes,Yes,65+,,,,,,,,
10471072908,1/16/2019,1/16/2019,Mostly familiar,No,No,1,Approve,No,Yes,15147,Yes,No,65+,,,,,,,,
10471072556,1/16/2019,1/16/2019,Somewhat familiar,No,No,3,Approve,No,Yes,81632,Yes,Yes,65+,,,,,,,,
10471070435,1/16/2019,1/16/2019,Not familiar at all,No,No,2,Approve,Yes,Yes,15129,Yes,Yes,65+,,,,,,,,
10471070319,1/16/2019,1/16/2019,Mostly familiar,Yes,Yes,4,Approve,No,Yes,15217,Yes,Yes,65+,,,,,,,,
10471069168,1/16/2019,1/16/2019,Mostly familiar,A,No,3,Neutral,Not sure,Yes,15001,Yes,No,65+,,,,,,,,
10471068520,1/16/2019,1/16/2019,Somewhat familiar,Not sure,Yes,4,Approve,No,Yes,15221,Yes,Yes,65+,,,,,,,,
10471066539,1/16/2019,1/16/2019,Somewhat familiar,No,No,2,Disapprove,Yes,Yes,15203,Yes,Yes,65+,,,,,,,,
10471066069,1/16/2019,1/16/2019,Mostly familiar,Yes,Yes,2,Somewhat Disapprove,Yes,Yes,15212,Yes,Yes,65+,,,,,,,,
10471064784,1/16/2019,1/16/2019,Not familiar at all,No,No,4,Approve,No,Yes,15601,Yes,Yes,65+,,,,,,,,
10471064684,1/16/2019,1/16/2019,Mostly familiar,Yes,Yes,3,Somewhat Approve,Yes,Yes,15206,Yes,Yes,65+,,,,,,,,
10471064047,1/16/2019,1/16/2019,Somewhat familiar,Yes,Yes,3,Somewhat Approve,Yes,Yes,15212,Yes,Yes,65+,,,,,,,,
10471063524,1/16/2019,1/16/2019,Extremely familiar,No,Yes,2,Approve,No,Yes,15228,Yes,Yes,65+,,,,,,,,
10471062132,1/16/2019,1/16/2019,Extremely familiar,Yes,Yes,3,Neutral,Not sure,Yes,15212,Yes,Yes,65+,,,,,,,,
10471061849,1/16/2019,1/16/2019,Mostly familiar,Not sure,Yes,3,Somewhat Approve,Not sure,Yes,15084,Yes,Yes,65+,,,,,,,,
10471061569,1/16/2019,1/16/2019,Not familiar at all,No,No,3,Somewhat Disapprove,Not sure,Yes,15228,Yes,Yes,65+,,,,,,,,
10471061254,1/16/2019,1/16/2019,Mostly familiar,Yes,Not sure,3,Approve,Yes,Not sure,15218,Yes,Yes,65+,,,,,,,,
10471060872,1/16/2019,1/16/2019,Not familiar at all,Yes,Yes,3,Approve,Yes,Yes,15221,Yes,Yes,65+,,,,,,,,
10471060837,1/16/2019,1/16/2019,Mostly familiar,No,No,3,Somewhat Approve,No,Yes,15116,Yes,Yes,65+,,,,,,,,
10471060675,1/16/2019,1/16/2019,Somewhat familiar,Yes,Not sure,2,Somewhat Disapprove,Not sure,Yes,15084,Yes,Yes,65+,,,,,,,,
10471060311,1/16/2019,1/16/2019,Somewhat familiar,No,Yes,1,Approve,No,Yes,15139,Yes,Yes,65+,,,,,,,,
10471058538,1/16/2019,1/16/2019,Somewhat familiar,Not sure,No,3,Approve,No,Yes,15085,Yes,Yes,65+,,,,,,,,
10471056954,1/16/2019,1/16/2019,Mostly familiar,Not sure,Yes,3,Approve,Yes,Yes,15221,Yes,Yes,65+,,,,,,,,
10471055410,1/16/2019,1/16/2019,Mostly familiar,Yes,No,3,Approve,Yes,Yes,15206,Yes,No,65+,,,,,,,,
10471055187,1/16/2019,1/16/2019,Not familiar at all,No,No,2,Approve,No,No,15203,Yes,Yes,65+,,,,,,,,
10471053236,1/16/2019,1/16/2019,Somewhat familiar,Yes,Yes,3,Neutral,Yes,Yes,16059,Yes,Yes,65+,,,,,,,,
10471050028,1/16/2019,1/16/2019,Somewhat familiar,No,No,3,Neutral,Yes,Yes,15146,No,Yes,65+,,,,,,,,
10471049461,1/16/2019,1/16/2019,Somewhat familiar,No,No,3,Disapprove,Yes,Yes,15102,Yes,No,65+,,,,,,,,
10471048623,1/16/2019,1/16/2019,Mostly familiar,Not sure,No,3,Neutral,Not sure,Yes,15644,Yes,Yes,65+,,,,,,,,
10471045797,1/16/2019,1/16/2019,Somewhat familiar,Yes,No,4,Approve,Yes,Yes,15228,Yes,Yes,65+,,,,,,,,
10471045330,1/16/2019,1/16/2019,Mostly familiar,Yes,Yes,3,Somewhat Approve,Not sure,Yes,15201,Yes,Yes,65+,,,,,,,,
10471039372,1/16/2019,1/16/2019,Mostly familiar,Yes,No,2,Approve,No,Yes,15241,Yes,Yes,65+,,,,,,,,
10471037905,1/16/2019,1/16/2019,Extremely familiar,Not sure,Yes,4,Somewhat Approve,Yes,Yes,15005,Yes,Yes,65+,,,,,,,,
10471036608,1/16/2019,1/16/2019,Mostly familiar,No,No,2,Disapprove,Yes,Yes,15253,Yes,Yes,65+,,,,,,,,
10471034768,1/16/2019,1/16/2019,Extremely familiar,No,Yes,1,Disapprove,Yes,Yes,16046,Yes,Yes,65+,,,,,,,,
10471010886,1/16/2019,1/16/2019,Somewhat familiar,No,No,2,Approve,No,Yes,15217,Yes,Yes,65+,,,,,,,,
10470994727,1/16/2019,1/16/2019,Mostly familiar,Not sure,Not sure,3,Somewhat Approve,Yes,Yes,15601,Yes,No,65+,,,,,,,,
10470994298,1/16/2019,1/16/2019,Somewhat familiar,Not sure,Yes,3,Approve,No,Yes,15206,Yes,Yes,65+,,,,,,,,
10470992850,1/16/2019,1/16/2019,Somewhat familiar,No,Yes,3,Approve,No,No,15116,Yes,Yes,65+,,,,,,,,
10470983701,1/16/2019,1/16/2019,Extremely familiar,Yes,Yes,1,Disapprove,Yes,Yes,15212,Yes,No,65+,,,,,,,,
10470983622,1/16/2019,1/16/2019,Extremely familiar,Yes,No,3,Approve,No,No,15243,Yes,Yes,65+,,,,,,,,
10470983573,1/16/2019,1/16/2019,Somewhat familiar,Yes,Yes,2,Approve,No,Yes,15211,Yes,Yes,65+,,,,,,,,
10470983391,1/16/2019,1/16/2019,Extremely familiar,Yes,Yes,3,Approve,No,Not sure,15239,Yes,Yes,65+,,,,,,,,
10470977121,1/16/2019,1/16/2019,Extremely familiar,Yes,Yes,3,Approve,Not sure,Yes,15217,Yes,Yes,65+,,,,,,,,
10470975295,1/16/2019,1/16/2019,Somewhat familiar,No,Yes,3,Approve,No,Yes,15142,Yes,Yes,65+,,,,,,,,
10470972168,1/16/2019,1/16/2019,Not familiar at all,Yes,Not sure,1,Neutral,Yes,Yes,15204,Yes,Yes,65+,,,,,,,,
10470969173,1/16/2019,1/16/2019,Mostly familiar,Yes,Yes,3,Approve,Yes,Yes,15208,Yes,Yes,65+,,,,,,,,
10470959203,1/16/2019,1/16/2019,Extremely familiar,No,No,3,Approve,Not sure,Yes,15101,Yes,No,65+,,,,,,,,
10470955793,1/16/2019,1/16/2019,Mostly familiar,No,No,2,Somewhat Approve,Yes,Yes,15223,Yes,Yes,65+,,,,,,,,
10470946786,1/16/2019,1/16/2019,Mostly familiar,No,Yes,4,Approve,Yes,Yes,1522,Yes,Yes,65+,,,,,,,,
10470942960,1/16/2019,1/16/2019,Mostly familiar,No,No,3,Neutral,Not sure,Yes,15201,Yes,Yes,65+,,,,,,,,
10470939418,1/16/2019,1/16/2019,Somewhat familiar,No,No,3,Approve,Not sure,Yes,15202,Yes,Yes,65+,,,,,,,,
10470935783,1/16/2019,1/16/2019,Somewhat familiar,Not sure,Not sure,4,Approve,Not sure,Yes,15136,Yes,Yes,65+,,,,,,,,
10470932332,1/16/2019,1/16/2019,Mostly familiar,No,Yes,3,Somewhat Approve,Not sure,Yes,15221,A,A,65+,,,,,,,,
10470926816,1/16/2019,1/16/2019,Mostly familiar,No,Yes,4,Somewhat Approve,Yes,Yes,15012,Yes,No,65+,,,,,,,,
10470923205,1/16/2019,1/16/2019,Extremely familiar,Yes,Yes,3,Approve,No,Yes,15212,Yes,Yes,65+,,,,,,,,
10470922164,1/16/2019,1/16/2019,Mostly familiar,Yes,No,3,Disapprove,Yes,Yes,15237,Yes,Yes,65+,,,,,,,,
10470919339,1/16/2019,1/16/2019,Mostly familiar,Yes,No,3,Approve,No,Yes,15217,Yes,Yes,65+,,,,,,,,
10470918089,1/16/2019,1/16/2019,Mostly familiar,No,No,3,Approve,Not sure,Yes,15238,Yes,Yes,65+,,,,,,,,
10470915614,1/16/2019,1/16/2019,Not familiar at all,Yes,Yes,2,Approve,No,Yes,15206,Yes,Yes,65+,,,,,,,,
10470914825,1/16/2019,1/16/2019,Somewhat familiar,No,Yes,4,Approve,Not sure,Yes,15222,Yes,Yes,65+,,,,,,,,
10470913129,1/16/2019,1/16/2019,Somewhat familiar,No,Yes,3,Approve,Not sure,Not sure,15217,Yes,Yes,65+,,,,,,,,
10470907464,1/16/2019,1/16/2019,Extremely familiar,No,Yes,1,Approve,No,No,15203,Yes,Yes,65+,,,,,,,,
10470905217,1/16/2019,1/16/2019,Mostly familiar,Yes,No,2,Approve,Yes,Yes,15209,Yes,Yes,65+,,,,,,,,
10470902783,1/16/2019,1/16/2019,Somewhat familiar,No,No,3,Somewhat Disapprove,Yes,Yes,15228,Yes,Yes,65+,,,,,,,,
10470875294,1/16/2019,1/16/2019,Somewhat familiar,Not sure,Not sure,3,Approve,Not sure,Not sure,15217,Yes,Yes,65+,,,,,,,,
10470869574,1/16/2019,1/16/2019,Mostly familiar,Yes,Not sure,4,Approve,Yes,Not sure,15206,Yes,Yes,65+,,,,,,,,
10470848796,1/16/2019,1/16/2019,Mostly familiar,Yes,Yes,3,Approve,Not sure,Yes,15222,Yes,Yes,65+,,,,,,,,
10470822537,1/16/2019,1/16/2019,Extremely familiar,No,Not sure,3,Neutral,Not sure,Yes,15210,Yes,Yes,65+,,,,,,,,
10470760566,1/16/2019,1/16/2019,Extremely familiar,No,No,2,Somewhat Approve,Not sure,Yes,15217,Yes,Yes,65+,,,,,,,,
10470750621,1/16/2019,1/16/2019,Mostly familiar,Yes,Yes,3,Somewhat Approve,No,Yes,15224,Yes,Yes,65+,,,,,,,,
10470729796,1/16/2019,1/16/2019,Extremely familiar,Yes,Yes,3,Approve,Not sure,Yes,15213,Yes,Yes,65+,,,,,,,,
10470668352,1/16/2019,1/16/2019,Somewhat familiar,No,Yes,3,Approve,No,Yes,15228,Yes,Yes,65+,,,,,,,,
10470661064,1/16/2019,1/16/2019,Somewhat familiar,No,Yes,4,Approve,No,Yes,15201,Yes,Yes,65+,,,,,,,,
,,,,,,,,,,,,,,,,,,,,,
